Marca,Modelo,Año,Version,Precio,Antigüedad
Fiat,Cronos,2018,4P 1.3 DRIVE GSE,13652000,8
Fiat,Cronos,2018,4P 1.3 DRIVE GSE PACK CONECTIVIDAD,14140000,8
Fiat,Cronos,2018,4P 1.8 PRECISION,15601000,8
Fiat,Cronos,2018,4P 1.8 PRECISION PACK TECNHOLOGY,16002000,8
Fiat,Cronos,2018,4P 1.8 PRECISION PACK PREMIUM,16432000,8
Fiat,Cronos,2018,4P 1.8 PRECISION AT,18066000,8
Fiat,Cronos,2019,4P 1.3 DRIVE GSE,14234000,7
Fiat,Cronos,2019,4P 1.3 DRIVE GSE 2020,14441000,7
Fiat,Cronos,2019,4P 1.3 DRIVE GSE PACK CONECTIVIDAD,14742000,7
Fiat,Cronos,2019,4P 1.3 DRIVE GSE PACK CONECTIVIDAD 2020,15585000,7
Fiat,Cronos,2019,4P 1.8 PRECISION,16266000,7
Fiat,Cronos,2019,4P 1.8 PRECISION PACK TECNHOLOGY,16683000,7
Fiat,Cronos,2019,4P 1.8 PRECISION PACK PREMIUM,17132000,7
Fiat,Cronos,2019,4P 1.8 PRECISION 2020,17544000,7
Fiat,Cronos,2019,4P 1.8 PRECISION PACK TECNHOLOGY 2020,17820000,7
Fiat,Cronos,2019,4P 1.8 PRECISION PACK PREMIUM 2020,18117000,7
Fiat,Cronos,2019,4P 1.8 PRECISION AT,18836000,7
Fiat,Cronos,2019,4P 1.8 PRECISION AT 2020,19220000,7
Fiat,Cronos,2019,4P 1.8 CENTENARIO AT,20232000,7
Fiat,Cronos,2020,4P 1.3 DRIVE GSE 2020,15017000,6
Fiat,Cronos,2020,4P 1.3 DRIVE GSE PACK CONECTIVIDAD 2020,16207000,6
Fiat,Cronos,2020,4P 1.3 DRIVE GSE PACK CONECTIVIDAD 2021,16611000,6
Fiat,Cronos,2020,4P 1.8 PRECISION 2020,18244000,6
Fiat,Cronos,2020,4P 1.8 PRECISION PACK TECNHOLOGY 2020,18531000,6
Fiat,Cronos,2020,4P 1.8 PRECISION 2021,18820000,6
Fiat,Cronos,2020,4P 1.8 PRECISION PACK PREMIUM 2020,18840000,6
Fiat,Cronos,2020,4P 1.8 PRECISION PACK PREMIUM 2021,19549000,6
Fiat,Cronos,2020,4P 1.8 PRECISION AT 2020,19987000,6
Fiat,Cronos,2020,4P 1.8 PRECISION AT 2021,20416000,6
Fiat,Cronos,2021,4P 1.3 ATTRACTIVE 2021,16038000,5
Fiat,Cronos,2021,4P 1.3 DRIVE GSE PACK CONECTIVIDAD 2021,17103000,5
Fiat,Cronos,2021,4P 1.8 PRECISION 2021,19377000,5
Fiat,Cronos,2021,4P 1.8 PRECISION PACK STYLE 2021,19634000,5
Fiat,Cronos,2021,4P 1.8 PRECISION PACK PREMIUM 2021,20128000,5
Fiat,Cronos,2021,4P 1.8 HGT PACK,20337000,5
Fiat,Cronos,2021,4P 1.8 PRECISION AT 2021,21020000,5
Fiat,Cronos,2022,4P 1.3 ATTRACTIVE 2021,16840000,4
Fiat,Cronos,2022,4P 1.3 ATTRACTIVE GSE 2022,17433000,4
Fiat,Cronos,2022,4P 1.3 DRIVE GSE PACK CONECTIVIDAD 2021,17958000,4
Fiat,Cronos,2022,4P 1.3 DRIVE GSE 2022,19058000,4
Fiat,Cronos,2022,4P 1.3 DRIVE GSE PACK S-DESING 2022,19782000,4
Fiat,Cronos,2022,4P 1.8 PRECISION 2021,20346000,4
Fiat,Cronos,2022,4P 1.8 PRECISION PACK STYLE 2021,20616000,4
Fiat,Cronos,2022,4P 1.3 DRIVE GSE CVT 2022,20789000,4
Fiat,Cronos,2022,4P 1.8 PRECISION PACK PREMIUM 2021,21135000,4
Fiat,Cronos,2022,4P 1.8 HGT PACK,21354000,4
Fiat,Cronos,2022,4P 1.8 PRECISION AT 2021,22071000,4
Fiat,Cronos,2022,4P 1.3 PRECISION GSE CVT 2022,22109000,4
Fiat,Cronos,2023,4P 1.3 ATTRACTIVE GSE 2022,18305000,3
Fiat,Cronos,2023,4P 1.3 LIKE GSE 2023,18854000,3
Fiat,Cronos,2023,4P 1.3 DRIVE GSE 2022,20011000,3
Fiat,Cronos,2023,4P 1.3 DRIVE GSE PACK PLUS 2023,20612000,3
Fiat,Cronos,2023,4P 1.3 DRIVE GSE PACK S-DESING 2022,20771000,3
Fiat,Cronos,2023,4P 1.3 DRIVE GSE PACK PLUS CVT 2023,21723000,3
Fiat,Cronos,2023,4P 1.3 DRIVE GSE CVT 2022,21829000,3
Fiat,Cronos,2023,4P 1.3 STILE GSE 2023,22484000,3
Fiat,Cronos,2023,4P 1.3 PRECISION GSE CVT 2022,23214000,3
Fiat,Cronos,2023,4P 1.3 PRECISION GSE CVT 2023,23911000,3
Fiat,Cronos,2024,4P 1.3 LIKE GSE 2023,19796000,2
Fiat,Cronos,2024,4P 1.3 DRIVE GSE PACK PLUS 2023,21642000,2
Fiat,Cronos,2024,4P 1.3 DRIVE GSE PACK PLUS CVT 2023,22810000,2
Fiat,Cronos,2024,4P 1.3 STILE GSE 2023,23608000,2
Fiat,Cronos,2024,4P 1.3 PRECISION GSE CVT 2023,25106000,2
Fiat,Cronos,2025,4P 1.3 LIKE GSE 2023,20786000,1
Fiat,Cronos,2025,4P 1.3 DRIVE GSE PACK PLUS 2023,22724000,1
Fiat,Cronos,2025,4P 1.3 LIKE GSE 2025,23110000,1
Fiat,Cronos,2025,4P 1.3 DRIVE GSE PACK PLUS CVT 2023,23950000,1
Fiat,Cronos,2025,4P 1.3 STILE GSE 2023,24788000,1
Fiat,Cronos,2025,4P 1.3 PRECISION GSE CVT 2023,26362000,1
Fiat,Cronos,2025,4P 1.3 DRIVE GSE PACK PLUS 2025,27633000,1
Fiat,Cronos,2025,4P 1.3 DRIVE GSE PACK PLUS CVT 2025,27799000,1
Fiat,Cronos,2025,4P 1.3 PRECISION GSE CVT 2025,28805000,1
Peugeot,208,2013,5P 1.5 ACTIVE,10372000,13
Peugeot,208,2013,5P 1.5 ALLURE,10872000,13
Peugeot,208,2013,5P 1.5 ALLURE TOUCHSCREEN,11322000,13
Peugeot,208,2013,5P 1.6 ALLURE,11366000,13
Peugeot,208,2013,5P 1.6 ALLURE TOUCHSCREEN,12276000,13
Peugeot,208,2013,5P 1.6 FELINE,12294000,13
Peugeot,208,2013,5P 1.6 FELINE PACK CUIR,13774000,13
Peugeot,208,2014,5P 1.5 ACTIVE,10658000,12
Peugeot,208,2014,5P 1.5 ALLURE,11140000,12
Peugeot,208,2014,5P 1.5 ALLURE TOUCHSCREEN,11579000,12
Peugeot,208,2014,5P 1.6 ALLURE,11619000,12
Peugeot,208,2014,5P 1.6 FELINE,12629000,12
Peugeot,208,2014,5P 1.6 ALLURE TOUCHSCREEN,12707000,12
Peugeot,208,2014,5P 1.6 FELINE PACK CUIR,14101000,12
Peugeot,208,2014,3P XY,15808000,12
Peugeot,208,2014,3P GTI,17465000,12
Peugeot,208,2015,5P 1.5 ACTIVE,11301000,11
Peugeot,208,2015,5P 1.5 ALLURE,11813000,11
Peugeot,208,2015,5P 1.6 ALLURE,11962000,11
Peugeot,208,2015,5P 1.5 ALLURE TOUCHSCREEN,12278000,11
Peugeot,208,2015,5P 1.6 FELINE,13001000,11
Peugeot,208,2015,5P 1.6 ALLURE TOUCHSCREEN,13082000,11
Peugeot,208,2015,5P 1.6 ALLURE TIPT,13512000,11
Peugeot,208,2015,5P 1.6 FELINE PACK CUIR,14517000,11
Peugeot,208,2015,3P XY,16329000,11
Peugeot,208,2015,3P GTI,17962000,11
Peugeot,208,2016,5P 1.5 ACTIVE,12000000,10
Peugeot,208,2016,5P 1.5 ALLURE,12558000,10
Peugeot,208,2016,5P 1.5 ALLURE TOUCHSCREEN,13012000,10
Peugeot,208,2016,5P 1.6 ALLURE,13126000,10
Peugeot,208,2016,5P 1.6 ALLURE NAV,13373000,10
Peugeot,208,2016,5P 1.5 ALLURE SMEG,13456000,10
Peugeot,208,2016,5P 1.6 ALLURE TIPT NAV,14110000,10
Peugeot,208,2016,5P 1.6 FELINE 2016,14117000,10
Peugeot,208,2016,5P 1.6 ALLURE 2016,14180000,10
Peugeot,208,2016,5P 1.6 FELINE,14206000,10
Peugeot,208,2016,5P 1.6 ALLURE TOUCHSCREEN,14265000,10
Peugeot,208,2016,5P 1.6 ALLURE TIPT SMEG,14650000,10
Peugeot,208,2016,5P 1.6 ALLURE TIPT,14761000,10
Peugeot,208,2016,5P 1.6 FELINE PACK CUIR,15899000,10
Peugeot,208,2016,5P 1.6 THP GT,17111000,10
Peugeot,208,2017,5P 1.5 ACTIVE,12893000,9
Peugeot,208,2017,5P 1.6 ACTIVE 2017,13114000,9
Peugeot,208,2017,5P 1.5 ALLURE,13493000,9
Peugeot,208,2017,5P 1.5 ALLURE TOUCHSCREEN,13980000,9
Peugeot,208,2017,5P 1.6 ALLURE,14103000,9
Peugeot,208,2017,5P 1.6 HDi ALLURE PLUS,14139000,9
Peugeot,208,2017,5P 1.6 ALLURE NAV,14369000,9
Peugeot,208,2017,5P 1.5 ALLURE SMEG,14458000,9
Peugeot,208,2017,5P 1.6 ALLURE 2017,14867000,9
Peugeot,208,2017,5P 1.6 ALLURE 2016,15255000,9
Peugeot,208,2017,5P 1.6 FELINE,15264000,9
Peugeot,208,2017,5P 1.6 ALLURE TOUCHSCREEN,15327000,9
Peugeot,208,2017,5P 1.6 ALLURE TIPT SMEG,15741000,9
Peugeot,208,2017,5P 1.6 ALLURE TIPT NAV,15825000,9
Peugeot,208,2017,5P 1.6 ALLURE TIPT,15860000,9
Peugeot,208,2017,5P 1.6 FELINE 2016,15938000,9
Peugeot,208,2017,5P 1.6 FELINE PACK CUIR,17082000,9
Peugeot,208,2017,5P 1.6 FELINE TIPT6,17555000,9
Peugeot,208,2017,5P 1.6 THP GT,18385000,9
Peugeot,208,2017,5P 1.6 THP GT 2017,19137000,9
Peugeot,208,2017,3P GTI,21259000,9
Peugeot,208,2018,5P 1.6 ACTIVE 2017,14034000,8
Peugeot,208,2018,5P 1.6 HDi ALLURE PLUS,15130000,8
Peugeot,208,2018,5P 1.6 URBAN TECH,15268000,8
Peugeot,208,2018,5P 1.6 ALLURE 2017,15909000,8
Peugeot,208,2018,5P 1.6 HDi 92 ALLURE PLUS,16394000,8
Peugeot,208,2018,5P 1.6 ALLURE TIPT NAV,16473000,8
Peugeot,208,2018,5P 1.6 FELINE 2016,17055000,8
Peugeot,208,2018,5P 1.6 FELINE TIPT6,18763000,8
Peugeot,208,2018,5P 1.6 THP GT 2017,20478000,8
Peugeot,208,2018,3P GTI,22750000,8
Peugeot,208,2019,5P 1.6 ACTIVE 2017,15156000,7
Peugeot,208,2019,5P 1.6 ACTIVE 2019,15399000,7
Peugeot,208,2019,5P 1.6 HDi ALLURE PLUS,16340000,7
Peugeot,208,2019,5P 1.6 URBAN TECH,16489000,7
Peugeot,208,2019,5P 1.6 VTi IN CONCERT,16489000,7
Peugeot,208,2019,5P 1.6 ALLURE 2017,16824000,7
Peugeot,208,2019,5P 1.6 ALLURE 2019,17075000,7
Peugeot,208,2019,5P 1.6 ALLURE TIPT NAV,17578000,7
Peugeot,208,2019,5P 1.6 HDi 92 ALLURE PLUS,17706000,7
Peugeot,208,2019,5P 1.6 FELINE 2016,18419000,7
Peugeot,208,2019,5P 1.6 IN CONCERT,18990000,7
Peugeot,208,2019,5P 1.6 FELINE 2019,19016000,7
Peugeot,208,2019,5P 1.6 FELINE TIPT6,20246000,7
Peugeot,208,2019,5P 1.6 THP GT 2017,21460000,7
Peugeot,208,2019,5P 1.6 THP GT 2019,22463000,7
Peugeot,208,2020,5P 1.6 ACTIVE 2019,16071000,6
Peugeot,208,2020,5P 1.2 LIKE 2020,16684000,6
Peugeot,208,2020,5P 1.6 ACTIVE 2020,17292000,6
Peugeot,208,2020,5P 1.6 VTi IN CONCERT,17808000,6
Peugeot,208,2020,5P 1.6 LIKE PACK 2020,17957000,6
Peugeot,208,2020,5P 1.6 ALLURE 2019,18080000,6
Peugeot,208,2020,5P 1.6 ALLURE TIPT NAV,18582000,6
Peugeot,208,2020,5P 1.6 ACTIVE TIPT6 2020,18634000,6
Peugeot,208,2020,5P 1.6 ALLURE 2020,18921000,6
Peugeot,208,2020,5P 1.6 ALLURE TIPT6 2020,20224000,6
Peugeot,208,2020,5P 1.6 IN CONCERT,20509000,6
Peugeot,208,2020,5P 1.6 FELINE 2019,20538000,6
Peugeot,208,2020,5P 1.6 FELINE TIPT6 2020,20987000,6
Peugeot,208,2020,5P 1.6 FELINE TIPT6,21074000,6
Peugeot,208,2020,5P 1.6 THP GT 2019,23566000,6
Peugeot,208,2021,5P 1.2 LIKE 2020,17518000,5
Peugeot,208,2021,5P 1.6 ACTIVE 2020,18157000,5
Peugeot,208,2021,5P 1.6 LIKE PACK 2020,18855000,5
Peugeot,208,2021,5P 1.6 ACTIVE TIPT6 2020,19566000,5
Peugeot,208,2021,5P 1.6 ALLURE 2020,19867000,5
Peugeot,208,2021,5P 1.6 STYLE,20624000,5
Peugeot,208,2021,5P 1.6 ALLURE TIPT6 2020,21235000,5
Peugeot,208,2021,5P 1.6 STYLE TIPT6,21709000,5
Peugeot,208,2021,5P 1.6 FELINE TIPT6 2020,22036000,5
Peugeot,208,2021,5P 1.2 T GT 6TIPT LINE,30271000,5
Peugeot,208,2021,5P 1.2 T GT 6TIPT,30323000,5
Peugeot,208,2022,5P 1.2 LIKE 2020,18210000,4
Peugeot,208,2022,5P 1.6 ACTIVE 2020,18874000,4
Peugeot,208,2022,5P 1.6 LIKE PACK 2020,19600000,4
Peugeot,208,2022,5P 1.6 ACTIVE TIPT6 2020,20339000,4
Peugeot,208,2022,5P 1.6 ALLURE 2020,20652000,4
Peugeot,208,2022,5P 1.6 STYLE,21438000,4
Peugeot,208,2022,5P 1.6 ALLURE TIPT6 2020,22074000,4
Peugeot,208,2022,5P 1.6 STYLE TIPT6,22567000,4
Peugeot,208,2022,5P 1.6 FELINE TIPT6 2020,22906000,4
Peugeot,208,2022,5P 1.6 ROADTRIP,24281000,4
Peugeot,208,2022,5P 1.6 ROADTRIP TIPT6,25197000,4
Peugeot,208,2022,5P 1.2 T GT 6TIPT LINE,31467000,4
Peugeot,208,2022,5P 1.2 T GT 6TIPT,31520000,4
Peugeot,208,2023,5P 1.2 LIKE 2020,18928000,3
Peugeot,208,2023,5P 1.6 ACTIVE 2020,19617000,3
Peugeot,208,2023,5P 1.2 LIKE NEW 2023,19874000,3
Peugeot,208,2023,5P 1.6 ACTIVE 2023,19980000,3
Peugeot,208,2023,5P 1.6 LIKE PACK 2020,20372000,3
Peugeot,208,2023,5P 1.6 ACTIVE PACK 2023,20979000,3
Peugeot,208,2023,5P 1.6 ACTIVE TIPT6 2020,21140000,3
Peugeot,208,2023,5P 1.6 ALLURE 2020,21465000,3
Peugeot,208,2023,5P 1.6 ACTIVE TIPT6 2023,21531000,3
Peugeot,208,2023,5P 1.6 ALLURE 2023,21862000,3
Peugeot,208,2023,5P 1.6 STYLE,22283000,3
Peugeot,208,2023,5P 1.6 ACTIVE TIPT6 PACK 2023,22607000,3
Peugeot,208,2023,5P 1.6 ALLURE TIPT6 2020,22943000,3
Peugeot,208,2023,5P 1.6 ALLURE PACK 2023,22956000,3
Peugeot,208,2023,5P 1.6 ALLURE TIPT6 2023,23368000,3
Peugeot,208,2023,5P 1.6 STYLE TIPT6,23456000,3
Peugeot,208,2023,5P 1.6 ALLURE TIPT6 PACK 2023,24536000,3
Peugeot,208,2023,5P 1.6 FELINE TIPT6 2020,24999000,3
Peugeot,208,2023,5P 1.6 ROADTRIP,25238000,3
Peugeot,208,2023,5P 1.6 FELINE TIPT6 2023,25462000,3
Peugeot,208,2023,5P 1.6 ROADTRIP TIPT6,26190000,3
Peugeot,208,2023,5P 1.2 T GT 6TIPT LINE,32707000,3
Peugeot,208,2023,5P 1.2 T GT 6TIPT,32762000,3
Peugeot,208,2024,5P 1.6 ACTIVE 2023,20388000,2
Peugeot,208,2024,5P 1.6 ACTIVE MT5 2025,21000000,2
Peugeot,208,2024,5P 1.6 ACTIVE PACK 2023,21408000,2
Peugeot,208,2024,5P 1.6 ACTIVE TIPT6 2023,21970000,2
Peugeot,208,2024,5P 1.6 ALLURE TIPT6 2025,22165000,2
Peugeot,208,2024,5P 1.6 ALLURE 2023,22309000,2
Peugeot,208,2024,5P 1.6 ALLURE MT5 2025,22978000,2
Peugeot,208,2024,5P 1.6 ACTIVE TIPT6 PACK 2023,23069000,2
Peugeot,208,2024,5P 1.6 ALLURE PACK 2023,23424000,2
Peugeot,208,2024,5P 1.6 ALLURE TIPT6 2023,23845000,2
Peugeot,208,2024,5P 1.6 ALLURE MT5 PK 2025,24127000,2
Peugeot,208,2024,5P 1.6 ALLURE TIPT6 PACK 2023,25037000,2
Peugeot,208,2024,5P 1.6 FELINE TIPT6 2023,25981000,2
Peugeot,208,2024,5P T200 ALLURE PK CVT6 2025,26562000,2
Peugeot,208,2024,5P T200 CVT GT 2025,28205000,2
Peugeot,208,2025,5P 1.6 ACTIVE MT5 2025,22050000,1
Peugeot,208,2025,5P 1.6 ALLURE TIPT6 2025,23274000,1
Peugeot,208,2025,5P 1.6 ALLURE MT5 2025,24127000,1
Peugeot,208,2025,5P 1.6 ALLURE MT5 PK 2025,25333000,1
Peugeot,208,2025,5P T200 ALLURE PK CVT6 2025,27890000,1
Peugeot,208,2025,5P T200 CVT GT 2025,29615000,1
Toyota,Yaris,2016,5P 1.5 CVT 7AT,18186000,10
Toyota,Yaris,2017,5P 1.5 CVT 7AT,18937000,9
Toyota,Yaris,2018,5P 1.5 XS 6MT,16692000,8
Toyota,Yaris,2018,4P 1.5 XS 6MT,17713000,8
Toyota,Yaris,2018,5P 1.5 XLS 6MT,18347000,8
Toyota,Yaris,2018,4P 1.5 XLS 6MT,19180000,8
Toyota,Yaris,2018,5P 1.5 CVT 7AT,19794000,8
Toyota,Yaris,2018,5P 1.5 XLS PACK CVT,21035000,8
Toyota,Yaris,2018,5P 1.5 S 6MT,21631000,8
Toyota,Yaris,2018,4P 1.5 XLS PACK CVT,21869000,8
Toyota,Yaris,2018,5P 1.5 S CVT,23248000,8
Toyota,Yaris,2019,5P 1.5 XS 6MT,18019000,7
Toyota,Yaris,2019,4P 1.5 XS 6MT,19122000,7
Toyota,Yaris,2019,5P 1.5 XLS 6MT,19805000,7
Toyota,Yaris,2019,5P 1.5 XLS 6MT 2020,19942000,7
Toyota,Yaris,2019,4P 1.5 XLS 6MT,20705000,7
Toyota,Yaris,2019,5P 1.5 XLS PACK CVT,22708000,7
Toyota,Yaris,2019,5P 1.5 XLS PACK CVT 2020,22975000,7
Toyota,Yaris,2019,5P 1.5 S 6MT,23351000,7
Toyota,Yaris,2019,4P 1.5 XLS PACK CVT,23608000,7
Toyota,Yaris,2019,5P 1.5 S CVT,25097000,7
Toyota,Yaris,2019,5P 1.5 S CVT 2020,25987000,7
Toyota,Yaris,2020,5P 1.5 XS 6MT 2020,19137000,6
Toyota,Yaris,2020,4P 1.5 XS 6MT 2020,19728000,6
Toyota,Yaris,2020,5P 1.5 XS 6MT 2021,19935000,6
Toyota,Yaris,2020,4P 1.5 XS 6MT 2021,20550000,6
Toyota,Yaris,2020,5P 1.5 XLS 6MT 2020,20981000,6
Toyota,Yaris,2020,4P 1.5 XLS 6MT 2020,21480000,6
Toyota,Yaris,2020,5P 1.5 XLS 6MT 2021,21856000,6
Toyota,Yaris,2020,4P 1.5 XLS 6MT 2021,22375000,6
Toyota,Yaris,2020,5P 1.5 XLS CVT 2020,22491000,6
Toyota,Yaris,2020,4P 1.5 XLS CVT 2020,22990000,6
Toyota,Yaris,2020,5P 1.5 XLS CVT 2021,23428000,6
Toyota,Yaris,2020,4P 1.5 XLS CVT 2021,23948000,6
Toyota,Yaris,2020,5P 1.5 XLS PACK CVT 2020,24005000,6
Toyota,Yaris,2020,4P 1.5 XLS PACK CVT 2020,24504000,6
Toyota,Yaris,2020,5P 1.5 S 6MT 2020,24766000,6
Toyota,Yaris,2020,5P 1.5 XLS PACK CVT 2021,25005000,6
Toyota,Yaris,2020,4P 1.5 XLS PACK CVT 2021,25525000,6
Toyota,Yaris,2020,5P 1.5 S 6MT 2021,25798000,6
Toyota,Yaris,2020,5P 1.5 S CVT 2020,26459000,6
Toyota,Yaris,2020,5P 1.5 S CVT 2021,27562000,6
Toyota,Yaris,2021,5P 1.5 XS 6MT 2021,20738000,5
Toyota,Yaris,2021,5P 1.5 XLS 6MT 2021,22736000,5
Toyota,Yaris,2021,4P 1.5 XLS 6MT 2021,23277000,5
Toyota,Yaris,2021,5P 1.5 XLS CVT 2021,24372000,5
Toyota,Yaris,2021,4P 1.5 XLS CVT 2021,24912000,5
Toyota,Yaris,2021,5P 1.5 XLS PACK CVT 2021,26013000,5
Toyota,Yaris,2021,4P 1.5 XLS PACK CVT 2021,26553000,5
Toyota,Yaris,2021,5P 1.5 S 6MT 2021,26837000,5
Toyota,Yaris,2021,5P 1.5 S CVT 2021,28672000,5
Toyota,Yaris,2021,3P 1.6 T GR,64576000,5
Toyota,Yaris,2022,5P 1.5 XS 6MT 2022,21571000,4
Toyota,Yaris,2022,5P 1.5 XLS 6MT 2022,23650000,4
Toyota,Yaris,2022,4P 1.5 XLS 6MT 2022,24212000,4
Toyota,Yaris,2022,5P 1.5 XLS CVT 2022,25351000,4
Toyota,Yaris,2022,4P 1.5 XLS CVT 2022,25914000,4
Toyota,Yaris,2022,4P 1.5 XLS PACK CVT 2022,26057000,4
Toyota,Yaris,2022,5P 1.5 XLS PACK CVT 2022,27058000,4
Toyota,Yaris,2022,5P 1.5 S CVT 2022,29297000,4
Toyota,Yaris,2022,3P 1.6 T GR,67805000,4
Toyota,Yaris,2023,5P 1.5 XS 6MT 2022,23077000,3
Toyota,Yaris,2023,5P 1.5 XS CVT 2023,25301000,3
Toyota,Yaris,2023,5P 1.5 XLS 6MT 2022,25301000,3
Toyota,Yaris,2023,4P 1.5 XLS 6MT 2022,25902000,3
Toyota,Yaris,2023,5P 1.5 XLS CVT 2022,27121000,3
Toyota,Yaris,2023,4P 1.5 XLS CVT 2022,27723000,3
Toyota,Yaris,2023,4P 1.5 XLS PACK CVT 2022,28141000,3
Toyota,Yaris,2023,5P 1.5 XLS PACK CVT 2022,28947000,3
Toyota,Yaris,2023,5P 1.5 S CVT 2022,30387000,3
Toyota,Yaris,2023,3P 1.6 T GR,73229000,3
Toyota,Yaris,2024,5P 1.5 XS 6MT 2022,24060000,2
Toyota,Yaris,2024,5P 1.5 XS CVT 2023,26379000,2
Toyota,Yaris,2024,5P 1.5 XLS 6MT 2022,26379000,2
Toyota,Yaris,2024,4P 1.5 XLS 6MT 2022,27006000,2
Toyota,Yaris,2024,5P 1.5 XLS CVT 2022,28277000,2
Toyota,Yaris,2024,5P 1.5 XLS + CVT 2024,28771000,2
Toyota,Yaris,2024,4P 1.5 XLS CVT 2022,28904000,2
Toyota,Yaris,2024,4P 1.5 XLS PACK CVT 2022,29623000,2
Toyota,Yaris,2024,5P 1.5 XLS PACK CVT 2022,30180000,2
Toyota,Yaris,2024,5P 1.5 S CVT 2022,31986000,2
Toyota,Yaris,2024,3P 1.6 T GR,77083000,2
Toyota,Yaris,2025,5P 1.5 XS 6MT 2022,25263000,1
Toyota,Yaris,2025,5P 1.5 XS CVT 2023,27698000,1
Toyota,Yaris,2025,5P 1.5 XLS 6MT 2022,27698000,1
Toyota,Yaris,2025,4P 1.5 XLS 6MT 2022,28356000,1
Toyota,Yaris,2025,5P 1.5 XLS CVT 2022,29691000,1
Toyota,Yaris,2025,5P 1.5 XLS + CVT 2024,30209000,1
Toyota,Yaris,2025,4P 1.5 XLS CVT 2022,30349000,1
Toyota,Yaris,2025,4P 1.5 XLS PACK CVT 2022,31104000,1
Toyota,Yaris,2025,5P 1.5 XLS PACK CVT 2022,31689000,1
Toyota,Yaris,2025,5P 1.5 S CVT 2022,33585000,1
Toyota,Yaris,2025,3P 1.6 T GR,80937000,1
Toyota,Yaris,2025,3P 1.6 T GR 6MT 2025,84000000,1
Toyota,Yaris,2025,3P 1.6 T GR 8AT 2025,86160000,1
Volkswagen,Polo,2018,4P 1.6 COMFORTLINE,14788000,8
Volkswagen,Polo,2018,4P 1.6 COMFORTLINE TIPT,15569000,8
Volkswagen,Polo,2018,5P 1.6 MSI TRENDLINE,16863000,8
Volkswagen,Polo,2018,5P 1.6 MSI TRENDLINE TIPT,17458000,8
Volkswagen,Polo,2018,5P 1.6 MSI COMFORTLINE,19096000,8
Volkswagen,Polo,2018,5P 1.6 MSI COMFORTLINE PLUS TIPT,20351000,8
Volkswagen,Polo,2018,5P 1.6 MSI HIGHLINE,21790000,8
Volkswagen,Polo,2018,5P 1.6 MSI HIGHLINE TIPT,22878000,8
Volkswagen,Polo,2019,4P 1.6 COMFORTLINE,15567000,7
Volkswagen,Polo,2019,4P 1.6 COMFORTLINE TIPT,16388000,7
Volkswagen,Polo,2019,5P 1.6 MSI TRENDLINE,17751000,7
Volkswagen,Polo,2019,5P 1.6 MSI TRENDLINE TIPT,18377000,7
Volkswagen,Polo,2019,5P 1.6 MSI TRENDLINE TIPT 2020,19963000,7
Volkswagen,Polo,2019,5P 1.6 MSI COMFORTLINE,20101000,7
Volkswagen,Polo,2019,5P 1.6 MSI COMFORTLINE PLUS TIPT,21422000,7
Volkswagen,Polo,2019,5P 1.6 MSI HIGHLINE,22937000,7
Volkswagen,Polo,2019,5P 1.6 MSI HIGHLINE TIPT,24082000,7
Volkswagen,Polo,2020,5P 1.6 MSI TRENDLINE 2020,19050000,6
Volkswagen,Polo,2020,5P 1.6 MSI TRENDLINE TIPT 2020,20405000,6
Volkswagen,Polo,2020,5P 1.6 MSI COMFORTLINE 2020,20632000,6
Volkswagen,Polo,2020,5P 1.6 MSI COMFORTLINE PLUS TIPT 2020,22351000,6
Volkswagen,Polo,2020,5P 1.6 MSI HIGHLINE TIPT 2020,24791000,6
Volkswagen,Polo,2020,5P 1.4 TSI GTS TIPT,34122000,6
Volkswagen,Polo,2021,5P 1.6 MSI TRENDLINE 2020,20003000,5
Volkswagen,Polo,2021,5P 1.6 MSI 2021,21003000,5
Volkswagen,Polo,2021,5P 1.6 MSI TRENDLINE TIPT 2020,21426000,5
Volkswagen,Polo,2021,5P 1.6 MSI COMFORTLINE 2020,21664000,5
Volkswagen,Polo,2021,5P 1.6 MSI TIPT 2021,22497000,5
Volkswagen,Polo,2021,5P 1.6 MSI COMFORTLINE PLUS TIPT 2020,23468000,5
Volkswagen,Polo,2021,5P 1.6 MSI HIGHLINE TIPT 2020,26031000,5
Volkswagen,Polo,2021,5P 1.6 MSI HIGHLINE TIPT 2021,27332000,5
Volkswagen,Polo,2021,5P 1.6 MSI HIGHLINE TIPT 2022,27826000,5
Volkswagen,Polo,2021,5P 1.4 TSI GTS TIPT,35828000,5
Volkswagen,Polo,2022,5P 1.6 MSI TREND 2022,20683000,4
Volkswagen,Polo,2022,5P 1.6 MSI 2021,22053000,4
Volkswagen,Polo,2022,5P 1.6 MSI TIPT 2021,23622000,4
Volkswagen,Polo,2022,5P 1.6 MSI HIGHLINE TIPT 2021,28699000,4
Volkswagen,Polo,2022,5P 1.6 MSI HIGHLINE TIPT 2022,29217000,4
Volkswagen,Polo,2022,5P 1.4 TSI GTS TIPT,37619000,4
Volkswagen,Polo,2023,5P 1.6 MSI TRACK 1ST EDITION 2023,21295000,3
Volkswagen,Polo,2023,5P 1.6 MSI TREND 2022,22131000,3
Volkswagen,Polo,2023,5P 1.6 MSI TRACK 2023,22131000,3
Volkswagen,Polo,2023,5P 1.6 MSI TRACK 2024,22352000,3
Volkswagen,Polo,2023,5P 1.6 MSI TRACK PHU 2024,22576000,3
Volkswagen,Polo,2023,5P 1.6 MSI 2021,23596000,3
Volkswagen,Polo,2023,5P 1.6 MSI TIPT 2021,25275000,3
Volkswagen,Polo,2023,5P 1.6 MSI 2023,26475000,3
Volkswagen,Polo,2023,5P 1.6 MSI HIGHLINE TIPT 2021,30708000,3
Volkswagen,Polo,2023,5P 1.0 TSI 170 HIGHLINE 6AT 2023,30896000,3
Volkswagen,Polo,2023,5P 1.6 MSI HIGHLINE TIPT 2022,31263000,3
Volkswagen,Polo,2023,5P 1.4 TSI 250 GTS 6AT 2023,33555000,3
Volkswagen,Polo,2024,5P 1.6 MSI TRACK 1ST EDITION 2023,22360000,2
Volkswagen,Polo,2024,5P 1.6 MSI TRACK 2024,23470000,2
Volkswagen,Polo,2024,5P 1.6 MSI TRACK 2025,23704000,2
Volkswagen,Polo,2024,5P 1.6 MSI TRACK PHU 2024,23704000,2
Volkswagen,Polo,2024,5P 1.6 MSI 2023,27799000,2
Volkswagen,Polo,2024,5P 1.6 MSI 2025,27799000,2
Volkswagen,Polo,2024,5P 1.0 TSI 170 HIGHLINE 6AT 2023,32441000,2
Volkswagen,Polo,2024,5P 1.4 TSI 250 GTS 6AT 2023,35233000,2
Volkswagen,Polo,2025,5P 1.6 MSI TRACK 1ST EDITION 2023,23478000,1
Volkswagen,Polo,2025,5P 1.6 MSI TRACK 2024,24643000,1
Volkswagen,Polo,2025,5P 1.6 MSI TRACK 2025,24890000,1
Volkswagen,Polo,2025,5P 1.6 MSI TRACK PHU 2024,24890000,1
Volkswagen,Polo,2025,5P 1.6 MSI 2023,29189000,1
Volkswagen,Polo,2025,5P 1.6 MSI 2025,29189000,1
Volkswagen,Polo,2025,5P 1.0 TSI 170 COMFORTLINE 6AT 2025,30648000,1
Volkswagen,Polo,2025,5P 1.0 TSI 170 HIGHLINE 6AT 2023,34063000,1
Volkswagen,Polo,2025,5P 1.4 TSI 250 GTS 6AT 2023,36995000,1
Toyota,Corolla,2012,4P 1.8 XLI,10750000,14
Toyota,Corolla,2012,4P 1.8 XLI 2011,11203000,14
Toyota,Corolla,2012,4P 1.8 XEI,11513000,14
Toyota,Corolla,2012,4P 1.8 XEI PACK,12134000,14
Toyota,Corolla,2012,4P 1.8 XEI AT,12252000,14
Toyota,Corolla,2012,4P 1.8 XEI AT PACK,12972000,14
Toyota,Corolla,2012,4P 1.8 SE-G AT,13237000,14
Toyota,Corolla,2012,4P 1.8 XEI 2011,13332000,14
Toyota,Corolla,2012,4P 1.8 XEI AT 2011,14027000,14
Toyota,Corolla,2012,4P 1.8 XEI PACK 2011,14211000,14
Toyota,Corolla,2012,4P 1.8 XRS 2012,15036000,14
Toyota,Corolla,2012,4P 1.8 XEI AT PACK 2011,15040000,14
Toyota,Corolla,2012,4P 1.8 SE-G 2011,15304000,14
Toyota,Corolla,2012,4P 1.8 SE-G AT 2011,15760000,14
Toyota,Corolla,2013,4P 1.8 XLI 2011,11318000,13
Toyota,Corolla,2013,4P 1.8 XEI 2011,13469000,13
Toyota,Corolla,2013,4P 1.8 XEI AT 2011,14171000,13
Toyota,Corolla,2013,4P 1.8 XEI PACK 2011,14358000,13
Toyota,Corolla,2013,4P 1.8 XEI AT PACK 2011,15195000,13
Toyota,Corolla,2013,4P 1.8 XRS 2012,15221000,13
Toyota,Corolla,2013,4P 1.8 SE-G 2011,15461000,13
Toyota,Corolla,2013,4P 1.8 SE-G AT 2011,15922000,13
Toyota,Corolla,2014,4P 1.8 XLI MT 2014,14054000,12
Toyota,Corolla,2014,4P 1.8 XLI CVT 2014,14771000,12
Toyota,Corolla,2014,4P 1.8 XEI MT 2014,16205000,12
Toyota,Corolla,2014,4P 1.8 XEI CVT 2014,16922000,12
Toyota,Corolla,2014,4P 1.8 XEI MT PACK 2014,17345000,12
Toyota,Corolla,2014,4P 1.8 XEI CVT PACK 2014,17978000,12
Toyota,Corolla,2014,4P 1.8 SEG MT 2014,18673000,12
Toyota,Corolla,2014,4P 1.8 SEG CVT 2014,19376000,12
Toyota,Corolla,2015,4P 1.8 XLI MT 2014,14469000,11
Toyota,Corolla,2015,4P 1.8 XLI CVT 2014,15207000,11
Toyota,Corolla,2015,4P 1.8 XLI MT 2016,15831000,11
Toyota,Corolla,2015,4P 1.8 XLI CVT 2016,16465000,11
Toyota,Corolla,2015,4P 1.8 XEI MT 2014,16683000,11
Toyota,Corolla,2015,4P 1.8 XEI CVT 2014,17421000,11
Toyota,Corolla,2015,4P 1.8 XEI MT PACK 2014,17857000,11
Toyota,Corolla,2015,4P 1.8 XEI MT 2016,17864000,11
Toyota,Corolla,2015,4P 1.8 XEI CVT PACK 2014,18496000,11
Toyota,Corolla,2015,4P 1.8 XEI CVT 2016,18498000,11
Toyota,Corolla,2015,4P 1.8 XEI MT PACK 2016,18871000,11
Toyota,Corolla,2015,4P 1.8 SEG MT 2014,19224000,11
Toyota,Corolla,2015,4P 1.8 SEG MT 2016,19485000,11
Toyota,Corolla,2015,4P 1.8 XEI CVT PACK 2016,19504000,11
Toyota,Corolla,2015,4P 1.8 SEG CVT 2014,19948000,11
Toyota,Corolla,2015,4P 1.8 SEG CVT 2016,20277000,11
Toyota,Corolla,2016,4P 1.8 XLI MT 2016,16351000,10
Toyota,Corolla,2016,4P 1.8 XLI CVT 2016,17005000,10
Toyota,Corolla,2016,4P 1.8 XEI MT 2016,18451000,10
Toyota,Corolla,2016,4P 1.8 XEI CVT 2016,19105000,10
Toyota,Corolla,2016,4P 1.8 XEI MT PACK 2016,19491000,10
Toyota,Corolla,2016,4P 1.8 SEG MT 2016,20125000,10
Toyota,Corolla,2016,4P 1.8 XEI CVT PACK 2016,20145000,10
Toyota,Corolla,2016,4P 1.8 SEG CVT 2016,20943000,10
Toyota,Corolla,2017,4P 1.8 XLI MT 2016,16999000,9
Toyota,Corolla,2017,4P 1.8 XLI CVT 2016,17679000,9
Toyota,Corolla,2017,4P 1.8 XLI MT 2017,18437000,9
Toyota,Corolla,2017,4P 1.8 XEI MT 2016,19182000,9
Toyota,Corolla,2017,4P 1.8 XLI CVT 2017,19235000,9
Toyota,Corolla,2017,4P 1.8 XEI CVT 2016,19862000,9
Toyota,Corolla,2017,4P 1.8 XEI MT PACK 2016,20263000,9
Toyota,Corolla,2017,4P 1.8 SEG MT 2016,20922000,9
Toyota,Corolla,2017,4P 1.8 XEI CVT PACK 2016,20943000,9
Toyota,Corolla,2017,4P 1.8 XEI MT 2017,21093000,9
Toyota,Corolla,2017,4P 1.8 XEI MT PACK 2017,21716000,9
Toyota,Corolla,2017,4P 1.8 SEG CVT 2016,21772000,9
Toyota,Corolla,2017,4P 1.8 XEI CVT 2017,21891000,9
Toyota,Corolla,2017,4P 1.8 XEI CVT PACK 2017,22671000,9
Toyota,Corolla,2017,4P 1.8 SEG MT 2017,23576000,9
Toyota,Corolla,2017,4P 1.8 SEG CVT 2017,24531000,9
Toyota,Corolla,2018,4P 1.8 XLI MT 2017,19729000,8
Toyota,Corolla,2018,4P 1.8 XLI CVT 2017,20583000,8
Toyota,Corolla,2018,4P 1.8 XEI MT 2017,22572000,8
Toyota,Corolla,2018,4P 1.8 XEI MT PACK 2017,23238000,8
Toyota,Corolla,2018,4P 1.8 XEI CVT 2017,23426000,8
Toyota,Corolla,2018,4P 1.8 XEI CVT PACK 2017,24260000,8
Toyota,Corolla,2018,4P 1.8 SEG MT 2017,25229000,8
Toyota,Corolla,2018,4P 1.8 SEG CVT 2017,26251000,8
Toyota,Corolla,2019,4P 1.8 XLI MT 2017,21307000,7
Toyota,Corolla,2019,4P 1.8 XLI CVT 2017,22230000,7
Toyota,Corolla,2019,4P 1.8 XEI MT 2017,24377000,7
Toyota,Corolla,2019,4P 1.8 XEI MT PACK 2017,25097000,7
Toyota,Corolla,2019,4P 1.8 XEI CVT 2017,25300000,7
Toyota,Corolla,2019,4P 1.8 XEI CVT PACK 2017,26200000,7
Toyota,Corolla,2019,4P 1.8 SEG MT 2017,27247000,7
Toyota,Corolla,2019,4P 1.8 SEG CVT 2017,28351000,7
Toyota,Corolla,2019,4P 2.0 SEG CVT 2020,30171000,7
Toyota,Corolla,2019,4P HV 1.8 SEG CVT 2020,31487000,7
Toyota,Corolla,2020,4P 2.0 XLI MT 2020,22573000,6
Toyota,Corolla,2020,4P 2.0 XLI CVT 2020,23754000,6
Toyota,Corolla,2020,4P 2.0 XEI MT 2020,25266000,6
Toyota,Corolla,2020,4P 2.0 XEI CVT 2020,26449000,6
Toyota,Corolla,2020,4P HV 1.8 XEI CVT 2020,28075000,6
Toyota,Corolla,2020,4P 2.0 SEG CVT 2020,31759000,6
Toyota,Corolla,2020,4P HV 1.8 SEG CVT 2020,33144000,6
Toyota,Corolla,2021,4P 2.0 XLI MT 2020,23701000,5
Toyota,Corolla,2021,4P 2.0 XLI CVT 2020,24942000,5
Toyota,Corolla,2021,4P 2.0 XEI MT 2020,26530000,5
Toyota,Corolla,2021,4P 2.0 XEI CVT 2020,27772000,5
Toyota,Corolla,2021,4P HV 1.8 XEI CVT 2020,29479000,5
Toyota,Corolla,2021,4P 2.0 GR-S 10CVT,31242000,5
Toyota,Corolla,2021,4P 2.0 SEG CVT 2020,33347000,5
Toyota,Corolla,2021,4P HV 1.8 SEG CVT 2020,34801000,5
Toyota,Corolla,2022,4P 2.0 XLI MT 2020,24886000,4
Toyota,Corolla,2022,4P 2.0 XLI CVT 2020,26189000,4
Toyota,Corolla,2022,4P 2.0 XEI MT 2020,27856000,4
Toyota,Corolla,2022,4P 2.0 XEI CVT 2020,29161000,4
Toyota,Corolla,2022,4P HV 1.8 XEI CVT 2020,30953000,4
Toyota,Corolla,2022,4P 2.0 GR-S 10CVT,32804000,4
Toyota,Corolla,2022,4P 2.0 SEG CVT 2020,35014000,4
Toyota,Corolla,2022,4P HV 1.8 SEG CVT 2020,36541000,4
Toyota,Corolla,2023,4P 2.0 XLI MT 2020,26402000,3
Toyota,Corolla,2023,4P 2.0 XLI CVT 2020,27784000,3
Toyota,Corolla,2023,4P 2.0 XLI CVT 2024,28592000,3
Toyota,Corolla,2023,4P 2.0 XEI MT 2020,29553000,3
Toyota,Corolla,2023,4P 2.0 XEI CVT 2020,30936000,3
Toyota,Corolla,2023,4P 2.0 XEI CVT 2024,31836000,3
Toyota,Corolla,2023,4P HV 1.8 XEI CVT 2020,32838000,3
Toyota,Corolla,2023,4P HEV 1.8 XEI eCVT 2024,33793000,3
Toyota,Corolla,2023,4P 2.0 GR-S 10CVT,34802000,3
Toyota,Corolla,2023,4P 2.0 GR-S 10CVT 2024,35814000,3
Toyota,Corolla,2023,4P 2.0 SEG CVT 2020,37146000,3
Toyota,Corolla,2023,4P 2.0 SEG CVT 2024,38226000,3
Toyota,Corolla,2023,4P HEV 1.8 SEG eCVT 2024,38534000,3
Toyota,Corolla,2023,4P HV 1.8 SEG CVT 2020,38767000,3
Toyota,Corolla,2024,4P 2.0 XLI CVT 2024,29476000,2
Toyota,Corolla,2024,4P 2.0 XEI CVT 2024,32820000,2
Toyota,Corolla,2024,4P HEV 1.8 XEI eCVT 2024,34838000,2
Toyota,Corolla,2024,4P 2.0 GR-S 10CVT 2024,36921000,2
Toyota,Corolla,2024,4P 2.0 SEG CVT 2024,39409000,2
Toyota,Corolla,2024,4P HEV 1.8 SEG eCVT 2024,39725000,2
Toyota,Corolla,2025,4P 2.0 XLI CVT 2024,30950000,1
Toyota,Corolla,2025,4P 2.0 XLI CVT SAFETY 2025,32498000,1
Toyota,Corolla,2025,4P 2.0 XEI CVT 2024,34461000,1
Toyota,Corolla,2025,4P 2.0 XEI CVT SAFETY 2025,36185000,1
Toyota,Corolla,2025,4P HEV 1.8 XEI eCVT 2024,36580000,1
Toyota,Corolla,2025,4P HEV 1.8 XEI eCVT SAFETY 2025,38409000,1
Toyota,Corolla,2025,4P 2.0 GR-S 10CVT 2024,38767000,1
Toyota,Corolla,2025,4P 2.0 GR-S 10CVT SAFETY 2025,40706000,1
Toyota,Corolla,2025,4P 2.0 SEG CVT 2024,41379000,1
Toyota,Corolla,2025,4P HEV 1.8 SEG eCVT 2024,41712000,1
Toyota,Corolla,2025,4P 2.0 SEG CVT SAFETY 2025,43448000,1
Toyota,Corolla,2025,4P HEV 1.8 SEG eCVT SAFETY 2025,43797000,1
Chevrolet,Cruze,2012,4P 1.8 LT,10248000,14
Chevrolet,Cruze,2012,5P 1.8 LT,10381000,14
Chevrolet,Cruze,2012,4P 1.8 LT AT,10683000,14
Chevrolet,Cruze,2012,4P 2.0 DSL LT,10854000,14
Chevrolet,Cruze,2012,5P 1.8 LTZ S/CC,12476000,14
Chevrolet,Cruze,2012,4P 2.0 DSL LTZ,12563000,14
Chevrolet,Cruze,2012,4P 1.8 LTZ,12585000,14
Chevrolet,Cruze,2012,5P 1.8 LTZ,12675000,14
Chevrolet,Cruze,2012,4P 1.8 LTZ AT,13031000,14
Chevrolet,Cruze,2012,4P 2.0 DSL LTZ AT,13103000,14
Chevrolet,Cruze,2012,5P 1.8 LTZ AT S/CC,13307000,14
Chevrolet,Cruze,2012,5P 1.8 LTZ AT,13506000,14
Chevrolet,Cruze,2013,4P 1.8 LT,10654000,13
Chevrolet,Cruze,2013,5P 1.8 LT,10793000,13
Chevrolet,Cruze,2013,4P 1.8 LT 2013,11024000,13
Chevrolet,Cruze,2013,4P 1.8 LT AT,11107000,13
Chevrolet,Cruze,2013,4P 2.0 DSL LT,11284000,13
Chevrolet,Cruze,2013,5P 1.8 LT 2013,11375000,13
Chevrolet,Cruze,2013,4P 2.0 DSL LT AT 2013,12755000,13
Chevrolet,Cruze,2013,5P 1.8 LTZ S/CC,12971000,13
Chevrolet,Cruze,2013,4P 1.8 LTZ 2013,13034000,13
Chevrolet,Cruze,2013,4P 2.0 DSL LTZ,13061000,13
Chevrolet,Cruze,2013,4P 1.8 LTZ,13084000,13
Chevrolet,Cruze,2013,5P 1.8 LTZ,13177000,13
Chevrolet,Cruze,2013,5P 1.8 LTZ 2013,13319000,13
Chevrolet,Cruze,2013,4P 1.8 LTZ AT,13547000,13
Chevrolet,Cruze,2013,4P 1.8 LTZ AT 2013,13594000,13
Chevrolet,Cruze,2013,4P 2.0 DSL LTZ AT,13622000,13
Chevrolet,Cruze,2013,5P 1.8 LTZ AT S/CC,13835000,13
Chevrolet,Cruze,2013,5P 1.8 LTZ AT 2013,13943000,13
Chevrolet,Cruze,2013,5P 1.8 LTZ AT,14041000,13
Chevrolet,Cruze,2013,4P 2.0 DSL LTZ AT 2013,14326000,13
Chevrolet,Cruze,2013,5P 2.0 DSL LTZ AT 2013,14850000,13
Chevrolet,Cruze,2014,4P 1.8 LT 2013,11351000,12
Chevrolet,Cruze,2014,5P 1.8 LT 2013,11713000,12
Chevrolet,Cruze,2014,4P 2.0 DSL LT AT 2013,13134000,12
Chevrolet,Cruze,2014,4P 1.8 LTZ 2013,13422000,12
Chevrolet,Cruze,2014,5P 1.8 LTZ 2013,13715000,12
Chevrolet,Cruze,2014,4P 1.8 LTZ AT 2013,13997000,12
Chevrolet,Cruze,2014,5P 1.8 LTZ AT 2013,14357000,12
Chevrolet,Cruze,2014,4P 2.0 DSL LTZ AT 2013,14751000,12
Chevrolet,Cruze,2014,5P 2.0 DSL LTZ AT 2013,15291000,12
Chevrolet,Cruze,2015,4P 1.8 LT 2013,11686000,11
Chevrolet,Cruze,2015,4P 1.8 LT 2015,12013000,11
Chevrolet,Cruze,2015,5P 1.8 LT 2013,12058000,11
Chevrolet,Cruze,2015,5P 1.8 LT 2015,12537000,11
Chevrolet,Cruze,2015,4P 2.0 DSL LT AT 2013,13521000,11
Chevrolet,Cruze,2015,4P 2.0 DSL LT AT 2015,13676000,11
Chevrolet,Cruze,2015,4P 1.8 LTZ 2013,13818000,11
Chevrolet,Cruze,2015,5P 2.0 DSL LT AT 2015,13934000,11
Chevrolet,Cruze,2015,5P 1.8 LTZ 2013,14120000,11
Chevrolet,Cruze,2015,4P 1.8 LTZ AT 2013,14411000,11
Chevrolet,Cruze,2015,5P 1.8 LTZ AT 2013,14781000,11
Chevrolet,Cruze,2015,4P 2.0 DSL LTZ AT 2015,15103000,11
Chevrolet,Cruze,2015,4P 2.0 DSL LTZ AT 2013,15187000,11
Chevrolet,Cruze,2015,4P 1.8 LTZ 2015,15302000,11
Chevrolet,Cruze,2015,4P 1.8 LTZ AT 2015,15561000,11
Chevrolet,Cruze,2015,5P 2.0 DSL LTZ AT 2013,15742000,11
Chevrolet,Cruze,2015,5P 2.0 DSL LTZ AT 2015,15832000,11
Chevrolet,Cruze,2015,5P 1.8 LTZ 2015,15918000,11
Chevrolet,Cruze,2015,5P 1.8 LTZ AT 2015,16381000,11
Chevrolet,Cruze,2016,4P 1.8 LT 2015,12060000,10
Chevrolet,Cruze,2016,5P 1.8 LT 2015,12585000,10
Chevrolet,Cruze,2016,4P 2.0 DSL LT AT 2015,13729000,10
Chevrolet,Cruze,2016,5P 2.0 DSL LT AT 2015,13988000,10
Chevrolet,Cruze,2016,4P 1.4 T LT MT,14041000,10
Chevrolet,Cruze,2016,4P 2.0 DSL LTZ AT 2015,15161000,10
Chevrolet,Cruze,2016,4P 1.8 LTZ 2015,15362000,10
Chevrolet,Cruze,2016,4P 1.8 LTZ AT 2015,15621000,10
Chevrolet,Cruze,2016,5P 2.0 DSL LTZ AT 2015,15894000,10
Chevrolet,Cruze,2016,5P 1.8 LTZ 2015,15980000,10
Chevrolet,Cruze,2016,5P 1.8 LTZ AT 2015,16445000,10
Chevrolet,Cruze,2016,4P 1.4 T LTZ MT,16697000,10
Chevrolet,Cruze,2016,4P 1.4 T LTZ AT,17323000,10
Chevrolet,Cruze,2016,4P 1.4 T LTZ PLUS AT,19202000,10
Chevrolet,Cruze,2017,4P 1.4 T LT MT,14498000,9
Chevrolet,Cruze,2017,5P 1.4 T LT MT,15973000,9
Chevrolet,Cruze,2017,4P 1.4 T LTZ MT,17241000,9
Chevrolet,Cruze,2017,4P 1.4 T LTZ AT,17888000,9
Chevrolet,Cruze,2017,5P 1.4 T LTZ MT,18821000,9
Chevrolet,Cruze,2017,5P 1.4 T LTZ AT,19797000,9
Chevrolet,Cruze,2017,4P 1.4 T LTZ PLUS AT,19827000,9
Chevrolet,Cruze,2017,5P 1.4 T LTZ PLUS AT,21070000,9
Chevrolet,Cruze,2018,4P 1.4 T SEDAN MT,14623000,8
Chevrolet,Cruze,2018,4P 1.4 T LT MT,14981000,8
Chevrolet,Cruze,2018,4P 1.4 T LT MT 2018,16432000,8
Chevrolet,Cruze,2018,5P 1.4 T LT MT,16761000,8
Chevrolet,Cruze,2018,4P 1.4 T LTZ MT,17815000,8
Chevrolet,Cruze,2018,4P 1.4 T LTZ AT,18483000,8
Chevrolet,Cruze,2018,5P 1.4 T LTZ MT,19749000,8
Chevrolet,Cruze,2018,4P 1.4 T LTZ MT 2018,20381000,8
Chevrolet,Cruze,2018,4P 1.4 T LTZ PLUS AT,20488000,8
Chevrolet,Cruze,2018,5P 1.4 T LTZ AT,20773000,8
Chevrolet,Cruze,2018,4P 1.4 T LTZ AT 2018,21438000,8
Chevrolet,Cruze,2018,5P 1.4 T LTZ PLUS AT,22109000,8
Chevrolet,Cruze,2018,4P 1.4 T LTZ PLUS AT 2018,22448000,8
Chevrolet,Cruze,2019,4P 1.4 T SEDAN MT,16560000,7
Chevrolet,Cruze,2019,4P 1.4 T LT MT 2018,18608000,7
Chevrolet,Cruze,2019,5P 1.4 T LT MT,18980000,7
Chevrolet,Cruze,2019,4P 1.4 T LT 6MT 2020,19292000,7
Chevrolet,Cruze,2019,5P 1.4 T LT 6MT 2020,19292000,7
Chevrolet,Cruze,2019,5P 1.4 T LTZ MT,22364000,7
Chevrolet,Cruze,2019,4P 1.4 T LTZ MT 2018,22497000,7
Chevrolet,Cruze,2019,4P 1.4 T LTZ AT 2018,23089000,7
Chevrolet,Cruze,2019,5P 1.4 T LTZ AT,23524000,7
Chevrolet,Cruze,2019,5P 1.4 T LTZ PLUS AT,23622000,7
Chevrolet,Cruze,2019,4P 1.4 T LTZ PLUS AT 2018,24037000,7
Chevrolet,Cruze,2019,4P 1.4 T PREMIER AT,24158000,7
Chevrolet,Cruze,2019,5P 1.4 T PREMIER AT,25429000,7
Chevrolet,Cruze,2020,4P 1.4 T LT 6MT 2020,19756000,6
Chevrolet,Cruze,2020,5P 1.4 T LT 6MT 2020,19756000,6
Chevrolet,Cruze,2020,4P 1.4 T PREMIER AT,24520000,6
Chevrolet,Cruze,2020,5P 1.4 T PREMIER AT,25811000,6
Chevrolet,Cruze,2021,4P 1.4 T LT 6MT 2020,20603000,5
Chevrolet,Cruze,2021,5P 1.4 T LT 6MT 2020,20654000,5
Chevrolet,Cruze,2021,4P 1.4 T LT 6MT 2021,21359000,5
Chevrolet,Cruze,2021,5P 1.4 T LT 6MT 2021,21750000,5
Chevrolet,Cruze,2021,4P 1.4 T LTZ 6AT 2021,22818000,5
Chevrolet,Cruze,2021,5P 1.4 T LTZ 6AT 2022,23904000,5
Chevrolet,Cruze,2021,4P 1.4 T PREMIER AT,25570000,5
Chevrolet,Cruze,2021,5P 1.4 T PREMIER 6AT 2021,26816000,5
Chevrolet,Cruze,2021,5P 1.4 T PREMIER AT,26984000,5
Chevrolet,Cruze,2021,4P 1.4 T PREMIER 6AT 2021,27019000,5
Chevrolet,Cruze,2022,4P 1.4 T LT 6MT 2020,21687000,4
Chevrolet,Cruze,2022,4P 1.4 T LT 6MT 2021,22483000,4
Chevrolet,Cruze,2022,4P 1.4 T LT 6AT 2022,23305000,4
Chevrolet,Cruze,2022,5P 1.4 T LT 6AT 2022,23305000,4
Chevrolet,Cruze,2022,4P 1.4 T MIDNIGHT 6AT 2022,23599000,4
Chevrolet,Cruze,2022,4P 1.4 T LTZ 6AT 2021,24019000,4
Chevrolet,Cruze,2022,5P 1.4 T LTZ 6AT 2022,25163000,4
Chevrolet,Cruze,2022,5P 1.4 T RS 6AT 2022,25661000,4
Chevrolet,Cruze,2022,4P 1.4 T PREMIER AT,26916000,4
Chevrolet,Cruze,2022,5P 1.4 T PREMIER 6AT 2021,28227000,4
Chevrolet,Cruze,2022,4P 1.4 T PREMIER 6AT 2021,28441000,4
Chevrolet,Cruze,2023,4P 1.4 T LT 6AT 2022,24470000,3
Chevrolet,Cruze,2023,5P 1.4 T LT 6AT 2022,24470000,3
Chevrolet,Cruze,2023,4P 1.4 T MIDNIGHT 6AT 2022,24779000,3
Chevrolet,Cruze,2023,4P 1.4 T LTZ 6AT 2021,25220000,3
Chevrolet,Cruze,2023,5P 1.4 T LTZ 6AT 2022,26421000,3
Chevrolet,Cruze,2023,5P 1.4 T RS 6AT 2022,26944000,3
Chevrolet,Cruze,2023,5P 1.4 T PREMIER 6AT 2021,29639000,3
Chevrolet,Cruze,2023,4P 1.4 T PREMIER 6AT 2021,29863000,3
Renault,Sandero,2012,5P 1.6 PACK 2011,8344000,14
Renault,Sandero,2012,5P 1.6 PACK PLUS 2011,8651000,14
Renault,Sandero,2012,5P 1.6 AUTH PACK I 2012,8764000,14
Renault,Sandero,2012,5P 1.6 AUTH PACK II 2012,9071000,14
Renault,Sandero,2012,5P 1.6 16V CONFORT 2011,9106000,14
Renault,Sandero,2012,5P 1.6 16V EXPRESSION 2012,9235000,14
Renault,Sandero,2012,5P 1.6 16V LUXE,9696000,14
Renault,Sandero,2012,5P 1.6 16V PRIVILEGE 2012,10124000,14
Renault,Sandero,2012,5P 1.6 16V GT LINE,10437000,14
Renault,Sandero,2013,5P 1.6 AUTH PACK I 2012,8941000,13
Renault,Sandero,2013,5P 1.6 AUTH PACK II 2012,9254000,13
Renault,Sandero,2013,5P 1.6 16V EXPRESSION 2012,9422000,13
Renault,Sandero,2013,5P 1.6 AUTH PACK II ABS 2013,9567000,13
Renault,Sandero,2013,5P 1.6 SL TECH RUN,9982000,13
Renault,Sandero,2013,5P 1.6 EXPRESSION ABS 2013,10028000,13
Renault,Sandero,2013,5P 1.6 16V PRIVILEGE 2012,10329000,13
Renault,Sandero,2013,5P 1.6 16V GT LINE,10648000,13
Renault,Sandero,2013,5P 1.6 16V PRIVILEGE NAV 2013,11051000,13
Renault,Sandero,2014,5P 1.6 AUTH PACK II ABS 2013,10031000,12
Renault,Sandero,2014,5P 1.6 SL TECH RUN,10466000,12
Renault,Sandero,2014,5P 1.6 EXPRESSION ABS 2013,10515000,12
Renault,Sandero,2014,5P 1.6 16V GT LINE,11165000,12
Renault,Sandero,2014,5P 1.6 16V PRIVILEGE NAV 2013,11587000,12
Renault,Sandero,2015,5P 1.6 AUTH PACK II ABS 2013,10418000,11
Renault,Sandero,2015,5P 1.6 SL TECH RUN,10869000,11
Renault,Sandero,2015,5P 1.6 EXPRESSION ABS 2013,10920000,11
Renault,Sandero,2015,5P 1.6 EXPRESSION 2015,11042000,11
Renault,Sandero,2015,5P 1.6 EXPRESSION PACK 2015,11302000,11
Renault,Sandero,2015,5P 1.6 16V GT LINE,11595000,11
Renault,Sandero,2015,5P 1.6 16V PRIVILEGE NAV 2013,12034000,11
Renault,Sandero,2015,5P 1.6 DYNAMIQUE 2015,12087000,11
Renault,Sandero,2015,5P 1.6 16V PRIVILEGE 2015,12388000,11
Renault,Sandero,2015,5P 1.6 16V PRIVILEGE PACK 2015,12723000,11
Renault,Sandero,2016,5P 1.6 AUTH 2015,10079000,10
Renault,Sandero,2016,5P 1.6 SL TECH RUN,11112000,10
Renault,Sandero,2016,5P 1.6 EXPRESSION 2015,11288000,10
Renault,Sandero,2016,5P 1.6 EXPRESSION PACK 2015,11554000,10
Renault,Sandero,2016,5P 1.6 16V GT LINE,11854000,10
Renault,Sandero,2016,5P 1.6 DYNAMIQUE 2015,12332000,10
Renault,Sandero,2016,5P 1.6 16V PRIVILEGE 2015,12664000,10
Renault,Sandero,2016,5P 1.6 16V GT LINE 2016,12806000,10
Renault,Sandero,2016,5P 1.6 16V PRIVILEGE PACK 2015,13007000,10
Renault,Sandero,2016,5P 2.0 RS,15978000,10
Renault,Sandero,2017,5P 1.6 AUTH 2015,10469000,9
Renault,Sandero,2017,5P 1.6 SL TECH RUN,11541000,9
Renault,Sandero,2017,5P 1.6 EXPRESSION 2015,11725000,9
Renault,Sandero,2017,5P 1.6 EXPRESSION PACK 2015,12001000,9
Renault,Sandero,2017,5P 1.6 16V GT LINE,12312000,9
Renault,Sandero,2017,5P 1.6 DYNAMIQUE 2015,12809000,9
Renault,Sandero,2017,5P 1.6 16V PRIVILEGE 2015,13154000,9
Renault,Sandero,2017,5P 1.6 16V GT LINE 2016,13302000,9
Renault,Sandero,2017,5P 1.6 16V PRIVILEGE PACK 2015,13510000,9
Renault,Sandero,2017,5P 2.0 RS,16596000,9
Renault,Sandero,2017,5P 2.0 RS RACING SPIRIT,16838000,9
Renault,Sandero,2018,5P 1.6 AUTH 2015,10983000,8
Renault,Sandero,2018,5P 1.6 EXPRESSION 2015,12301000,8
Renault,Sandero,2018,5P 1.6 EXPRESSION PACK 2015,12591000,8
Renault,Sandero,2018,5P 1.6 16V GT LINE,12917000,8
Renault,Sandero,2018,5P 1.6 DYNAMIQUE 2015,13438000,8
Renault,Sandero,2018,5P 1.6 16V PRIVILEGE 2015,13801000,8
Renault,Sandero,2018,5P 1.6 16V GT LINE 2016,13955000,8
Renault,Sandero,2018,5P 1.6 16V PRIVILEGE PACK 2015,14174000,8
Renault,Sandero,2018,5P 2.0 RS,17412000,8
Renault,Sandero,2018,5P 2.0 RS RACING SPIRIT,17666000,8
Renault,Sandero,2019,5P 1.6 EXPRESSION 2015,13145000,7
Renault,Sandero,2019,5P 1.6 EXPRESSION PACK 2015,13455000,7
Renault,Sandero,2019,5P 1.6 16V GT LINE,13804000,7
Renault,Sandero,2019,5P 1.6 DYNAMIQUE 2015,14361000,7
Renault,Sandero,2019,5P 1.6 16V PRIVILEGE 2015,14748000,7
Renault,Sandero,2019,5P 1.6 16V GT LINE 2016,14913000,7
Renault,Sandero,2019,5P 1.6 16V PRIVILEGE PACK 2015,15146000,7
Renault,Sandero,2019,5P 1.6 16V LIFE PH2,15979000,7
Renault,Sandero,2019,5P 1.6 16V ZEN PH2,17231000,7
Renault,Sandero,2019,5P 1.6 16V INTENS PH2,18481000,7
Renault,Sandero,2019,5P 2.0 RS,18901000,7
Renault,Sandero,2019,5P 1.6 16V INTENS CVT,19712000,7
Renault,Sandero,2020,5P 1.6 16V LIFE PH2,16641000,6
Renault,Sandero,2020,5P 1.6 16V ZEN PH2,17945000,6
Renault,Sandero,2020,5P 1.6 16V GT LINE 2020,18679000,6
Renault,Sandero,2020,5P 1.6 16V INTENS PH2,19247000,6
Renault,Sandero,2020,5P 1.6 16V GT LINE CVT 2020,19777000,6
Renault,Sandero,2020,5P 1.6 16V INTENS CVT,20529000,6
Renault,Sandero,2020,5P 2.0 RS,20534000,6
Renault,Sandero,2020,5P 2.0 RS 2020,23527000,6
Renault,Sandero,2021,5P 1.6 16V LIFE PH2,17285000,5
Renault,Sandero,2021,5P 1.6 16V ZEN PH2,18640000,5
Renault,Sandero,2021,5P 1.6 16V GT LINE 2020,19402000,5
Renault,Sandero,2021,5P 1.6 16V INTENS PH2,19992000,5
Renault,Sandero,2021,5P 1.6 16V GT LINE CVT 2020,20543000,5
Renault,Sandero,2021,5P 1.6 16V INTENS CVT,21324000,5
Renault,Sandero,2021,5P 2.0 RS 2020,24437000,5
Renault,Sandero,2022,5P 1.6 16V LIFE PH2,18195000,4
Renault,Sandero,2022,5P 1.6 16V LIFE 2022,19105000,4
Renault,Sandero,2022,5P 1.6 16V ZEN PH2,19621000,4
Renault,Sandero,2022,5P 1.6 16V GT LINE 2020,20423000,4
Renault,Sandero,2022,5P 1.6 16V ZEN 2022,20602000,4
Renault,Sandero,2022,5P 1.6 16V INTENS PH2,21044000,4
Renault,Sandero,2022,5P 1.6 16V GT LINE CVT 2020,21624000,4
Renault,Sandero,2022,5P 1.6 16V INTENS 2022,22096000,4
Renault,Sandero,2022,5P 1.6 16V INTENS CVT,22446000,4
Renault,Sandero,2022,5P 2.0 RS 2020,25375000,4
Renault,Sandero,2023,5P 1.6 16V LIFE PH2,19651000,3
Renault,Sandero,2023,5P 1.6 16V LIFE 2022,20633000,3
Renault,Sandero,2023,5P 1.6 16V ZEN PH2,21190000,3
Renault,Sandero,2023,5P 1.6 16V ZEN 2022,22250000,3
Renault,Sandero,2023,5P 1.6 16V INTENS PH2,22727000,3
Renault,Sandero,2023,5P 1.6 16V INTENS 2022,23864000,3
Renault,Sandero,2023,5P 1.6 16V INTENS CVT,24242000,3
Renault,Sandero,2024,5P 1.6 16V LIFE 2022,21665000,2
Renault,Sandero,2024,5P 1.6 16V INTENS 2022,25057000,2
Renault,Sandero,2024,5P 1.6 16V INTENS CVT,25454000,2
Renault,Sandero,2025,5P 1.6 16V LIFE 2022,22748000,1
Renault,Sandero,2025,5P 1.6 16V INTENS 2022,26310000,1
Renault,Sandero,2025,5P 1.6 16V INTENS CVT,26727000,1
Toyota,Corolla Cross,2021,5P 2.0 XLI CVT,27095000,5
Toyota,Corolla Cross,2021,5P HEV 1.8 XEI eCVT,30364000,5
Toyota,Corolla Cross,2021,5P 2.0 XEI CVT,33463000,5
Toyota,Corolla Cross,2021,5P HEV 1.8 SEG eCVT,34882000,5
Toyota,Corolla Cross,2021,5P 2.0 SEG CVT,36030000,5
Toyota,Corolla Cross,2022,5P 2.0 XLI CVT,28450000,4
Toyota,Corolla Cross,2022,5P HEV 1.8 XEI eCVT,31882000,4
Toyota,Corolla Cross,2022,5P 2.0 XEI CVT,35136000,4
Toyota,Corolla Cross,2022,5P HEV 1.8 SEG eCVT,36626000,4
Toyota,Corolla Cross,2022,5P 2.0 SEG CVT,37832000,4
Toyota,Corolla Cross,2022,5P 2.0 GR-SPORT CVT,39647000,4
Toyota,Corolla Cross,2023,5P 2.0 XLI CVT,29872000,3
Toyota,Corolla Cross,2023,5P 2.0 XLI CVT 2024,31366000,3
Toyota,Corolla Cross,2023,5P HEV 1.8 XEI eCVT,33476000,3
Toyota,Corolla Cross,2023,5P HEV 1.8 XEI eCVT 2024,35150000,3
Toyota,Corolla Cross,2023,5P 2.0 XEI CVT,36892000,3
Toyota,Corolla Cross,2023,5P HEV 1.8 SEG eCVT,38457000,3
Toyota,Corolla Cross,2023,5P 2.0 XEI CVT 2024,38737000,3
Toyota,Corolla Cross,2023,5P 2.0 SEG CVT,39724000,3
Toyota,Corolla Cross,2023,5P HEV 1.8 SEG eCVT 2024,40380000,3
Toyota,Corolla Cross,2023,5P 2.0 GR-SPORT CVT,41629000,3
Toyota,Corolla Cross,2023,5P 2.0 SEG CVT 2024,41710000,3
Toyota,Corolla Cross,2023,5P 2.0 GR-SPORT CVT 2024,43710000,3
Toyota,Corolla Cross,2024,5P 2.0 XLI CVT 2024,32336000,2
Toyota,Corolla Cross,2024,5P HEV 1.8 XEI eCVT 2024,36237000,2
Toyota,Corolla Cross,2024,5P 2.0 XEI CVT 2024,39935000,2
Toyota,Corolla Cross,2024,5P HEV 1.8 SEG eCVT 2024,41629000,2
Toyota,Corolla Cross,2024,5P 2.0 SEG CVT 2024,43000000,2
Toyota,Corolla Cross,2024,5P 2.0 GR-SPORT CVT 2024,45062000,2
Toyota,Corolla Cross,2025,5P 2.0 XLI CVT 2024,33953000,1
Toyota,Corolla Cross,2025,5P 2.0 XLI CVT SAFETY 2025,35650000,1
Toyota,Corolla Cross,2025,5P HEV 1.8 XEI eCVT 2024,38049000,1
Toyota,Corolla Cross,2025,5P HEV 1.8 XEI eCVT SAFETY 2025,39952000,1
Toyota,Corolla Cross,2025,5P 2.0 XEI CVT 2024,41932000,1
Toyota,Corolla Cross,2025,5P HEV 1.8 SEG eCVT 2024,43710000,1
Toyota,Corolla Cross,2025,5P 2.0 XEI CVT SAFETY 2025,44028000,1
Toyota,Corolla Cross,2025,5P 2.0 SEG CVT 2024,45150000,1
Toyota,Corolla Cross,2025,5P HEV 1.8 SEG eCVT SAFETY 2025,45896000,1
Toyota,Corolla Cross,2025,5P 2.0 GR-SPORT CVT 2024,47315000,1
Toyota,Corolla Cross,2025,5P 2.0 SEG CVT SAFETY 2025,47407000,1
Toyota,Corolla Cross,2025,5P 2.0 GR-SPORT CVT SAFETY 2025,49681000,1
Chevrolet,Tracker,2013,5P 1.8 LTZ 4X2 FWD,11920000,13
Chevrolet,Tracker,2013,5P 1.8 LTZ AT 4X4 AWD,12771000,13
Chevrolet,Tracker,2013,5P 1.8 LTZ + AT 4X4 AWD,14048000,13
Chevrolet,Tracker,2014,5P 1.8 LTZ 4X2 FWD,12646000,12
Chevrolet,Tracker,2014,5P 1.8 LTZ AT 4X4 AWD,13489000,12
Chevrolet,Tracker,2014,5P 1.8 LTZ + AT 4X4 AWD,14754000,12
Chevrolet,Tracker,2015,5P 1.8 LTZ 4X2 FWD,13562000,11
Chevrolet,Tracker,2015,5P 1.8 LTZ AT 4X4 AWD,14396000,11
Chevrolet,Tracker,2015,5P 1.8 LTZ + AT 4X4 AWD,15648000,11
Chevrolet,Tracker,2016,5P 1.8 LTZ 4X2 FWD,14516000,10
Chevrolet,Tracker,2016,5P 1.8 LTZ AT 4X4 AWD,15409000,10
Chevrolet,Tracker,2016,5P 1.8 LTZ + AT 4X4 AWD,16749000,10
Chevrolet,Tracker,2017,5P 1.8 LTZ 4X2 FWD,15522000,9
Chevrolet,Tracker,2017,5P 1.8 LTZ 4X2 FWD 2017,16380000,9
Chevrolet,Tracker,2017,5P 1.8 LTZ AT 4X4 AWD,16477000,9
Chevrolet,Tracker,2017,5P 1.8 LTZ AT 4X4 AWD 2017,17529000,9
Chevrolet,Tracker,2017,5P 1.8 LTZ + AT 4X4 AWD,17910000,9
Chevrolet,Tracker,2017,5P 1.8 LTZ + AT 4X4 AWD 2017,18285000,9
Chevrolet,Tracker,2018,5P 1.8 LTZ 4X2 FWD 2017,17688000,8
Chevrolet,Tracker,2018,5P 1.8 LTZ AT 4X4 AWD 2017,18928000,8
Chevrolet,Tracker,2018,5P 1.8 LTZ + AT 4X4 AWD 2017,19744000,8
Chevrolet,Tracker,2019,5P 1.8 LTZ 4X2 FWD 2017,19450000,7
Chevrolet,Tracker,2019,5P 1.8 LTZ 4X2 FWD MIDNIGHT,19493000,7
Chevrolet,Tracker,2019,5P 1.8 LTZ AT 4X4 AWD 2017,20814000,7
Chevrolet,Tracker,2019,5P 1.8 LTZ + AT 4X4 AWD 2017,21712000,7
Chevrolet,Tracker,2020,5P 1.8 LTZ 4X2 FWD 2017,20423000,6
Chevrolet,Tracker,2020,5P 1.8 LTZ 4X2 FWD MIDNIGHT,20468000,6
Chevrolet,Tracker,2020,5P 1.2 T MT,20960000,6
Chevrolet,Tracker,2020,5P 1.2 T 6AT,21164000,6
Chevrolet,Tracker,2020,5P 1.2 T 6AT LTZ,21198000,6
Chevrolet,Tracker,2020,5P 1.8 LTZ AT 4X4 AWD 2017,21855000,6
Chevrolet,Tracker,2020,5P 1.8 LTZ + AT 4X4 AWD 2017,22797000,6
Chevrolet,Tracker,2020,5P 1.2 T 6AT PREMIER,23854000,6
Chevrolet,Tracker,2021,5P 1.2 T MT,21225000,5
Chevrolet,Tracker,2021,5P 1.2 T 6AT,21471000,5
Chevrolet,Tracker,2021,5P 1.2 T 6AT LTZ,21539000,5
Chevrolet,Tracker,2021,5P 1.2 T 6AT PREMIER,26078000,5
Chevrolet,Tracker,2022,5P 1.2 T MT,22342000,4
Chevrolet,Tracker,2022,5P 1.2 T 6AT,22601000,4
Chevrolet,Tracker,2022,5P 1.2 T 6AT LTZ,22673000,4
Chevrolet,Tracker,2022,5P 1.2 T 6AT PREMIER,27450000,4
Chevrolet,Tracker,2023,5P 1.2 T MT,23459000,3
Chevrolet,Tracker,2023,5P 1.2 T 6AT,23731000,3
Chevrolet,Tracker,2023,5P 1.2 T 6AT LTZ,23806000,3
Chevrolet,Tracker,2023,5P 1.2 T MT 2024,24163000,3
Chevrolet,Tracker,2023,5P 1.2 T 6AT 2024,24443000,3
Chevrolet,Tracker,2023,5P 1.2 T 6AT LTZ 2024,25811000,3
Chevrolet,Tracker,2023,5P 1.2 T 6AT PREMIER,28823000,3
Chevrolet,Tracker,2023,5P 1.2 T 6AT PREMIER 2024,29681000,3
Chevrolet,Tracker,2024,5P 1.2 T MT,24163000,2
Chevrolet,Tracker,2024,5P 1.2 T 6AT,24443000,2
Chevrolet,Tracker,2024,5P 1.2 T 6AT LTZ,24520000,2
Chevrolet,Tracker,2024,5P 1.2 T MT 2024,24888000,2
Chevrolet,Tracker,2024,5P 1.2 T 6AT 2024,25176000,2
Chevrolet,Tracker,2024,5P 1.2 T 6AT LTZ 2024,26585000,2
Chevrolet,Tracker,2024,5P 1.2 T 6AT PREMIER 2024,30572000,2
Chevrolet,Tracker,2024,5P 1.2 T 6AT RS,30572000,2
Chevrolet,Tracker,2024,5P 1.2 T 6AT PREMIER 170 2024,31489000,2
Chevrolet,Tracker,2025,5P 1.2 T MT 2024,26198000,1
Chevrolet,Tracker,2025,5P 1.2 T 6AT 2024,26501000,1
Chevrolet,Tracker,2025,5P 1.2 T 6AT LTZ 2024,27984000,1
Chevrolet,Tracker,2025,5P 1.2 T 6AT 2026,28368000,1
Chevrolet,Tracker,2025,5P 1.2 T 6AT PREMIER 2024,32181000,1
Chevrolet,Tracker,2025,5P 1.2 T 6AT RS,32181000,1
Chevrolet,Tracker,2025,5P 1.2 T 6AT LTZ 2026,32387000,1
Chevrolet,Tracker,2025,5P 1.2 T 6AT PREMIER 170 2024,33146000,1
Chevrolet,Tracker,2025,5P 1.2 T 6AT PREMIER 2026,35240000,1
Chevrolet,Tracker,2025,5P 1.2 T 6AT RS 2026,35539000,1
Volkswagen,Taos,2021,5P 1.4 TSI 250 COMFORTLINE TIPT,30709000,5
Volkswagen,Taos,2021,5P 1.4 TSI 250 HIGHLINE TIPT,33389000,5
Volkswagen,Taos,2021,5P 1.4 TSI 250 HERO TIPT,35282000,5
Volkswagen,Taos,2022,5P 1.4 TSI 250 COMFORTLINE TIPT,32325000,4
Volkswagen,Taos,2022,5P 1.4 TSI 250 HIGHLINE TIPT,35146000,4
Volkswagen,Taos,2022,5P 1.4 TSI 250 HERO TIPT,37139000,4
Volkswagen,Taos,2023,5P 1.4 TSI 250 COMFORTLINE TIPT,34588000,3
Volkswagen,Taos,2023,5P 1.4 TSI 250 COMFORTLINE TIPT 2023,35280000,3
Volkswagen,Taos,2023,5P 1.4 TSI 250 HIGHLINE TIPT,37606000,3
Volkswagen,Taos,2023,5P 1.4 TSI 250 HIGHLINE TIPT 2023,38358000,3
Volkswagen,Taos,2023,5P 1.4 TSI 250 HIGHLINE BITONO TIPT 2023,39125000,3
Volkswagen,Taos,2023,5P 1.4 TSI 250 HERO TIPT,39739000,3
Volkswagen,Taos,2024,5P 1.4 TSI 250 COMFORTLINE TIPT 2023,37137000,2
Volkswagen,Taos,2024,5P 1.4 TSI 250 HIGHLINE TIPT 2023,40377000,2
Volkswagen,Taos,2024,5P 1.4 TSI 250 HIGHLINE BITONO TIPT 2023,41185000,2
Volkswagen,Taos,2025,5P 1.4 TSI 250 COMFORTLINE TIPT 2023,38993000,1
Volkswagen,Taos,2025,5P 1.4 TSI 250 HIGHLINE TIPT 2023,42396000,1
Volkswagen,Taos,2025,5P 1.4 TSI 250 HIGHLINE BITONO TIPT 2023,43244000,1
Jeep,Renegade,2016,5P 1.8 SPORT 4X2,15969000,10
Jeep,Renegade,2016,5P 1.8 SPORT PLUS 4X2,17106000,10
Jeep,Renegade,2016,5P 2.4 AT9 LONGITUDE 4X4,21964000,10
Jeep,Renegade,2017,5P 1.8 SPORT 4X2,17025000,9
Jeep,Renegade,2017,5P 1.8 SPORT 4X2 2018,17510000,9
Jeep,Renegade,2017,5P 1.8 SPORT PLUS 4X2,18260000,9
Jeep,Renegade,2017,5P 1.8 6AT SPORT 4X2,18604000,9
Jeep,Renegade,2017,5P 1.8 6AT SPORT PLUS 4X2 2018,19457000,9
Jeep,Renegade,2017,5P 2.0 AT9 TRAILHAWK 4X4,23223000,9
Jeep,Renegade,2017,5P 2.4 AT9 LONGITUDE 4X4,23417000,9
Jeep,Renegade,2018,5P 1.8 SPORT 4X2 2018,18652000,8
Jeep,Renegade,2018,5P 1.8 6AT SPORT 4X2,20086000,8
Jeep,Renegade,2018,5P 1.8 6AT SPORT PLUS 4X2 2018,21006000,8
Jeep,Renegade,2018,5P 2.0 AT9 TRAILHAWK 4X4,25072000,8
Jeep,Renegade,2018,5P 2.4 AT9 LONGITUDE 4X4,25282000,8
Jeep,Renegade,2019,5P 1.8 SPORT 4X2 2018,19723000,7
Jeep,Renegade,2019,5P 1.8 SPORT 4X2 2019,19970000,7
Jeep,Renegade,2019,5P 1.8 6AT SPORT 4X2,20684000,7
Jeep,Renegade,2019,5P 1.8 6AT SPORT PLUS 4X2 2018,22471000,7
Jeep,Renegade,2019,5P 1.8 6AT LONGITUDE 4X2 2020,23109000,7
Jeep,Renegade,2019,5P 2.0 AT9 TRAILHAWK 4X4,26820000,7
Jeep,Renegade,2019,5P 2.4 AT9 LONGITUDE 4X4,27044000,7
Jeep,Renegade,2020,5P 1.8 SPORT 4X2 2019,20586000,6
Jeep,Renegade,2020,5P 1.8 6AT SPORT 4X2,21517000,6
Jeep,Renegade,2020,5P 1.8 6AT LONGITUDE 4X2 2020,23345000,6
Jeep,Renegade,2020,5P 2.0 AT9 TRAILHAWK 4X4,27635000,6
Jeep,Renegade,2021,5P 1.8 SPORT 4X2 2019,21615000,5
Jeep,Renegade,2021,5P 1.8 6AT SPORT 4X2,22592000,5
Jeep,Renegade,2021,5P 1.8 6AT LONGITUDE 4X2 2020,24512000,5
Jeep,Renegade,2021,5P 1.8 6AT ANNIVERSARY 4X2 2021,25239000,5
Jeep,Renegade,2021,5P 2.0 AT9 TRAILHAWK 4X4,29017000,5
Jeep,Renegade,2022,5P 1.8 SPORT 4X2 2019,22753000,4
Jeep,Renegade,2022,5P 1.8 6AT SPORT 4X2,23782000,4
Jeep,Renegade,2022,5P 1.8 6AT LONGITUDE 4X2 2020,25802000,4
Jeep,Renegade,2022,5P 2.0 AT9 TRAILHAWK 4X4,30544000,4
Jeep,Renegade,2023,5P 1.8 SPORT 4X2 2019,24573000,3
Jeep,Renegade,2023,5P 1.8 6AT SPORT 4X2,25684000,3
Jeep,Renegade,2023,5P 1.8 6AT LONGITUDE 4X2 2020,27866000,3
Jeep,Renegade,2023,5P 1.3 T 6AT LONGITUDE 4X2 2023,31970000,3
Jeep,Renegade,2023,5P 1.3 T 6AT SERIE-S FWD 2023,32208000,3
Jeep,Renegade,2023,5P 2.0 AT9 TRAILHAWK 4X4,32987000,3
Jeep,Renegade,2023,5P 1.3 T AT9 TRAILHAWK 4X4 2023,33246000,3
Jeep,Renegade,2024,5P 1.8 6AT SPORT 4X2 2025,28459000,2
Jeep,Renegade,2024,5P T270 AT6 LONGITUDE 4X2 2025,35424000,2
Jeep,Renegade,2024,5P T270 AT6 SERIE-S 4X2 2025,35687000,2
Jeep,Renegade,2024,5P T270 AT9 TRAILHAWK 4X4 2025,36838000,2
Jeep,Renegade,2025,5P 1.8 6AT SPORT 4X2 2025,29957000,1
Jeep,Renegade,2025,5P T270 AT6 SPORT,32393000,1
Jeep,Renegade,2025,5P T270 AT6 LONGITUDE 4X2 2025,37288000,1
Jeep,Renegade,2025,5P T270 AT6 SERIE-S 4X2 2025,37566000,1
Jeep,Renegade,2025,5P T270 AT9 TRAILHAWK 4X4 2025,38777000,1
Jeep,Renegade,2025,5P T270 AT9 WILLYS 4X4 2025,40341000,1
Honda,HR-V,2015,5P 1.8 LX 2WD,20101000,11
Honda,HR-V,2015,5P 1.8 LX 2WD CVT,20511000,11
Honda,HR-V,2015,5P 1.8 EX L 2WD CVT,25111000,11
Honda,HR-V,2016,5P 1.8 LX 2WD,20748000,10
Honda,HR-V,2016,5P 1.8 LX 2WD CVT,21171000,10
Honda,HR-V,2016,5P 1.8 EX 2WD CVT,24154000,10
Honda,HR-V,2016,5P 1.8 EX L 2WD CVT,25919000,10
Honda,HR-V,2017,5P 1.8 LX 2WD CVT,22362000,9
Honda,HR-V,2017,5P 1.8 EX 2WD CVT,25513000,9
Honda,HR-V,2017,5P 1.8 EX L 2WD CVT,27377000,9
Honda,HR-V,2018,5P 1.8 LX 2WD CVT,23199000,8
Honda,HR-V,2018,5P 1.8 EX 2WD CVT,26467000,8
Honda,HR-V,2018,5P 1.8 EX L 2WD CVT,28401000,8
Honda,HR-V,2019,5P 1.8 LX 2WD CVT,24155000,7
Honda,HR-V,2019,5P 1.8 LX 2WD CVT 2019,25363000,7
Honda,HR-V,2019,5P 1.8 LX 2WD CVT 2020,27148000,7
Honda,HR-V,2019,5P 1.8 EX 2WD CVT,27315000,7
Honda,HR-V,2019,5P 1.8 EX 2WD CVT 2019,28937000,7
Honda,HR-V,2019,5P 1.8 EX L 2WD CVT,29572000,7
Honda,HR-V,2019,5P 1.8 EX 2WD CVT 2020,31201000,7
Honda,HR-V,2019,5P 1.8 EX L 2WD CVT 2019,31672000,7
Honda,HR-V,2019,5P 1.8 EX L 2WD CVT 2020,32758000,7
Honda,HR-V,2020,5P 1.8 LX 2WD CVT 2019,27951000,6
Honda,HR-V,2020,5P 1.8 LX 2WD CVT 2020,29568000,6
Honda,HR-V,2020,5P 1.8 EX 2WD CVT 2019,31889000,6
Honda,HR-V,2020,5P 1.8 EX 2WD CVT 2020,34024000,6
Honda,HR-V,2020,5P 1.8 EX L 2WD CVT 2019,34903000,6
Honda,HR-V,2020,5P 1.8 EX L 2WD CVT 2020,36101000,6
Honda,HR-V,2021,5P 1.8 LX 2WD CVT 2020,29830000,5
Honda,HR-V,2021,5P 1.8 LX 2WD CVT 2021,32249000,5
Honda,HR-V,2021,5P 1.8 EX 2WD CVT 2020,34171000,5
Honda,HR-V,2021,5P 1.8 EX 2WD CVT 2021,36280000,5
Honda,HR-V,2021,5P 1.8 EX L 2WD CVT 2020,36832000,5
Honda,HR-V,2022,5P 1.8 LX 2WD CVT 2021,33861000,4
Honda,HR-V,2022,5P 1.8 EX 2WD CVT 2021,38094000,4
Honda,HR-V,2022,5P 1.8 EX L 2WD CVT 2022,38673000,4
Honda,HR-V,2023,5P 1.8 LX 2WD CVT 2021,36570000,3
Honda,HR-V,2023,5P 1.5 LX CVT 2023,38960000,3
Honda,HR-V,2023,5P 1.8 EX 2WD CVT 2021,41142000,3
Honda,HR-V,2023,5P 1.8 EX L 2WD CVT 2022,41767000,3
Honda,HR-V,2023,5P 1.5 EXL CVT 2023,45380000,3
Honda,HR-V,2024,5P 1.5 LX CVT 2023,41011000,2
Honda,HR-V,2024,5P 1.5 EXL CVT 2023,47769000,2
Honda,HR-V,2025,5P 1.5 LX CVT 2025,44605000,1
Honda,HR-V,2025,5P 1.5 EXL CVT 2025,49805000,1
Peugeot,2008,2016,5P 1.6 ACTIVE,13553000,10
Peugeot,2008,2016,5P 1.6 ALLURE,14634000,10
Peugeot,2008,2016,5P 1.6 ALLURE TIPT6,15485000,10
Peugeot,2008,2016,5P 1.6 FELINE,16123000,10
Peugeot,2008,2016,5P 1.6 FELINE TIPT6,16509000,10
Peugeot,2008,2016,5P 1.6 THP SPORT,17056000,10
Peugeot,2008,2016,5P 1.6 FELINE TIPT6 T/C,17186000,10
Peugeot,2008,2017,5P 1.6 ACTIVE,14125000,9
Peugeot,2008,2017,5P 1.6 ALLURE,15252000,9
Peugeot,2008,2017,5P 1.6 ALLURE TIPT6,16139000,9
Peugeot,2008,2017,5P 1.6 FELINE,16803000,9
Peugeot,2008,2017,5P 1.6 FELINE TIPT6,17205000,9
Peugeot,2008,2017,5P 1.6 THP SPORT,17776000,9
Peugeot,2008,2017,5P 1.6 FELINE TIPT6 T/C,17911000,9
Peugeot,2008,2018,5P 1.6 ACTIVE,15262000,8
Peugeot,2008,2018,5P 1.6 ALLURE,16479000,8
Peugeot,2008,2018,5P 1.6 CROSSWAY,16786000,8
Peugeot,2008,2018,5P 1.6 ALLURE TIPT6,17437000,8
Peugeot,2008,2018,5P 1.6 FELINE,18156000,8
Peugeot,2008,2018,5P 1.6 FELINE TIPT6,18590000,8
Peugeot,2008,2018,5P 1.6 THP SPORT,19207000,8
Peugeot,2008,2018,5P 1.6 FELINE TIPT6 T/C,19352000,8
Peugeot,2008,2019,5P 1.6 ACTIVE,16641000,7
Peugeot,2008,2019,5P 1.6 ACTIVE 2020,17074000,7
Peugeot,2008,2019,5P 1.6 ALLURE,17969000,7
Peugeot,2008,2019,5P 1.6 CROSSWAY,18304000,7
Peugeot,2008,2019,5P 1.6 ALLURE 2020,18436000,7
Peugeot,2008,2019,5P 1.6 ALLURE TIPT6,19013000,7
Peugeot,2008,2019,5P 1.6 FELINE,19797000,7
Peugeot,2008,2019,5P 1.6 FELINE TIPT6,20270000,7
Peugeot,2008,2019,5P 1.6 FELINE 2020,20312000,7
Peugeot,2008,2019,5P 1.6 THP SPORT,20943000,7
Peugeot,2008,2019,5P 1.6 FELINE TIPT6 T/C,21102000,7
Peugeot,2008,2019,5P 1.6 FELINE TIPT6 2020,21837000,7
Peugeot,2008,2019,5P 1.6 THP SPORT 2020,24013000,7
Peugeot,2008,2019,5P 1.6 THP SPORT TIPT6 2020,25313000,7
Peugeot,2008,2020,5P 1.6 ACTIVE 2020,17594000,6
Peugeot,2008,2020,5P 1.6 ALLURE 2020,18998000,6
Peugeot,2008,2020,5P 1.6 FELINE 2020,20930000,6
Peugeot,2008,2020,5P 1.6 THP IN CONCERT TIPT 2020,21219000,6
Peugeot,2008,2020,5P 1.6 IN CONCERT 2020,22285000,6
Peugeot,2008,2020,5P 1.6 FELINE TIPT6 2020,22503000,6
Peugeot,2008,2020,5P 1.6 IN CONCERT TIPT 2020,23340000,6
Peugeot,2008,2020,5P 1.6 THP SPORT 2020,24745000,6
Peugeot,2008,2020,5P 1.6 THP SPORT TIPT6 2020,25803000,6
Peugeot,2008,2021,5P 1.6 ACTIVE 2020,18077000,5
Peugeot,2008,2021,5P 1.6 ALLURE 2022,18632000,5
Peugeot,2008,2021,5P 1.6 ALLURE 2020,19519000,5
Peugeot,2008,2021,5P 1.6 FELINE 2020,21504000,5
Peugeot,2008,2021,5P 1.6 THP IN CONCERT TIPT 2020,21800000,5
Peugeot,2008,2021,5P 1.6 FELINE 2022,22128000,5
Peugeot,2008,2021,5P 1.6 IN CONCERT 2020,22896000,5
Peugeot,2008,2021,5P 1.6 FELINE TIPT6 2020,23120000,5
Peugeot,2008,2021,5P 1.6 FELINE TIPT6 2022,23790000,5
Peugeot,2008,2021,5P 1.6 IN CONCERT TIPT 2020,23980000,5
Peugeot,2008,2021,5P 1.6 THP SPORT TIPT6 2022,24799000,5
Peugeot,2008,2021,5P 1.6 THP SPORT 2020,25423000,5
Peugeot,2008,2021,5P 1.6 THP SPORT TIPT6 2020,26511000,5
Peugeot,2008,2022,5P 1.6 FELINE 2022,22331000,4
Peugeot,2008,2022,5P 1.6 FELINE TIPT6 2022,24009000,4
Peugeot,2008,2022,5P 1.6 THP SPORT TIPT6 2022,25027000,4
Peugeot,2008,2023,5P 1.6 FELINE 2022,23895000,3
Peugeot,2008,2023,5P 1.6 FELINE TIPT6 2022,25690000,3
Peugeot,2008,2023,5P 1.6 THP SPORT TIPT6 2022,26779000,3
Peugeot,2008,2024,5P T200 CVT ACTIVE 2024,29527000,2
Peugeot,2008,2024,5P T200 CVT ALLURE 2024,31943000,2
Peugeot,2008,2024,5P T200 CVT GT 2024,35694000,2
Peugeot,2008,2025,5P T200 CVT ACTIVE 2024,31081000,1
Peugeot,2008,2025,5P T200 CVT ACTIVE 2026,32717000,1
Peugeot,2008,2025,5P T200 CVT ALLURE 2024,33624000,1
Peugeot,2008,2025,5P T200 CVT ALLURE 2026,35394000,1
Peugeot,2008,2025,5P T200 CVT GT 2024,37573000,1
Peugeot,2008,2025,5P T200 CVT GT 2026,39550000,1
Toyota,Hilux,2012,C/S 2.5 TDi 4X2 DX 2011,15323000,14
Toyota,Hilux,2012,C/S 2.5 TDi 4X2 DX PACK 2012,16150000,14
Toyota,Hilux,2012,C/S 2.5 TDi 4X4 DX 2011,17849000,14
Toyota,Hilux,2012,D/C 2.5 TDi 4X2 DX PACK 2011,18594000,14
Toyota,Hilux,2012,C/S 2.5 TDi 4X4 DX PACK 2012,18651000,14
Toyota,Hilux,2012,D/C 3.0 TDi 4X2 SR ABS 2011,20883000,14
Toyota,Hilux,2012,D/C 2.5 TDi 4X4 DX PACK 2011,22153000,14
Toyota,Hilux,2012,D/C 3.0 TDi 4X2 SRV 2011,22405000,14
Toyota,Hilux,2012,D/C 3.0 TDi 4X2 SRV CRO 2011,23250000,14
Toyota,Hilux,2012,D/C 3.0 TDi 4X4 SR ABS 2011,24190000,14
Toyota,Hilux,2012,D/C 3.0 TDi 4X4 SRV 2011,27050000,14
Toyota,Hilux,2012,D/C 3.0 TDi 4X4 SRV CRO 2011,27904000,14
Toyota,Hilux,2012,D/C 3.0 TDi 4X4 SRV AT 2011,28861000,14
Toyota,Hilux,2012,D/C 3.0 TDi 4X4 SRV 5AT 2012,29591000,14
Toyota,Hilux,2013,C/S 2.5 TDi 4X2 DX PACK 2012,16357000,13
Toyota,Hilux,2013,D/C 2.5 TDi 4X2 DX PACK 2011,19167000,13
Toyota,Hilux,2013,C/S 2.5 TDi 4X4 DX PACK 2012,19225000,13
Toyota,Hilux,2013,D/C 2.7 N WTi 4X2 SRV,20672000,13
Toyota,Hilux,2013,D/C 3.0 TDi 4X2 SR ABS 2011,21526000,13
Toyota,Hilux,2013,D/C 2.7 N WTi 4X2 SRV CRO,21526000,13
Toyota,Hilux,2013,D/C 2.5 TDi 4X4 DX PACK 2011,22835000,13
Toyota,Hilux,2013,D/C 3.0 TDi 4X2 SRV 2011,23095000,13
Toyota,Hilux,2013,D/C 3.0 TDi 4X2 SRV CRO 2011,23967000,13
Toyota,Hilux,2013,D/C 3.0 TDi 4X4 SR ABS 2011,24935000,13
Toyota,Hilux,2013,D/C 2.7 N WTi 4X4 SRV,25173000,13
Toyota,Hilux,2013,D/C 2.7 N WTi 4X4 SRV CRO,26036000,13
Toyota,Hilux,2013,D/C 3.0 TDi 4X4 SRV 2011,27883000,13
Toyota,Hilux,2013,D/C 3.0 TDi 4X4 SRV CRO 2011,28764000,13
Toyota,Hilux,2013,D/C 3.0 TDi 4X4 SRV 5AT 2012,30503000,13
Toyota,Hilux,2014,C/S 2.5 TDi 4X2 DX PACK 2012,16536000,12
Toyota,Hilux,2014,D/C 2.5 TDi 4X2 DX PACK 2011,19953000,12
Toyota,Hilux,2014,C/S 2.5 TDi 4X4 DX PACK 2012,20014000,12
Toyota,Hilux,2014,D/C 2.7 N WTi 4X2 SRV,21520000,12
Toyota,Hilux,2014,D/C 3.0 TDi 4X2 SR ABS 2011,22409000,12
Toyota,Hilux,2014,D/C 2.7 N WTi 4X2 SRV CRO,22409000,12
Toyota,Hilux,2014,D/C 2.5 TDi 4X4 DX PACK 2011,23772000,12
Toyota,Hilux,2014,D/C 3.0 TDi 4X2 SRV 2011,24043000,12
Toyota,Hilux,2014,D/C 3.0 TDi 4X2 SRV CRO 2011,24950000,12
Toyota,Hilux,2014,D/C 3.0 TDi 4X4 SR ABS 2011,25958000,12
Toyota,Hilux,2014,D/C 2.7 N WTi 4X4 SRV,26206000,12
Toyota,Hilux,2014,D/C 2.7 N WTi 4X4 SRV CRO,27104000,12
Toyota,Hilux,2014,D/C 3.0 TDi 4X4 SRV 2011,29027000,12
Toyota,Hilux,2014,D/C 3.0 TDi 4X4 SRV CRO 2011,29944000,12
Toyota,Hilux,2014,D/C 3.0 TDi 4X4 SRV 5AT 2012,31754000,12
Toyota,Hilux,2015,C/S 2.5 TDi 4X2 DX PACK 2012,16672000,11
Toyota,Hilux,2015,C/S 2.4 TDi 4X2 DX 6MT 2016,18232000,11
Toyota,Hilux,2015,D/C 2.5 TDi 4X2 DX PACK 2011,20185000,11
Toyota,Hilux,2015,C/S 2.5 TDi 4X4 DX PACK 2012,20246000,11
Toyota,Hilux,2015,C/S 2.4 TDi 4X4 DX 6MT 2016,21759000,11
Toyota,Hilux,2015,D/C 2.7 N WTi 4X2 SRV,21769000,11
Toyota,Hilux,2015,D/C 2.4 TDi 4X2 DX 6MT 2016,22651000,11
Toyota,Hilux,2015,D/C 3.0 TDi 4X2 SR ABS 2011,22669000,11
Toyota,Hilux,2015,D/C 2.7 N WTi 4X2 SRV CRO,22669000,11
Toyota,Hilux,2015,D/C 2.5 TDi 4X4 DX PACK 2011,24048000,11
Toyota,Hilux,2015,D/C 3.0 TDi 4X2 SRV 2011,24322000,11
Toyota,Hilux,2015,D/C 2.4 TDi 4X2 SR 6MT 2016,24805000,11
Toyota,Hilux,2015,D/C 3.0 TDi 4X2 SRV CRO 2011,25239000,11
Toyota,Hilux,2015,D/C 3.0 TDi 4X4 SR ABS 2011,26259000,11
Toyota,Hilux,2015,D/C 2.4 TDi 4X4 DX 6MT 2016,26347000,11
Toyota,Hilux,2015,D/C 2.7 N WTi 4X4 SRV,26510000,11
Toyota,Hilux,2015,D/C 2.7 N WTi 4X4 SRV CRO,27419000,11
Toyota,Hilux,2015,D/C 2.8 TDi 4X2 SRV 6MT 2016,27530000,11
Toyota,Hilux,2015,D/C 2.8 TDi 4X2 SRV PACK 6MT 2016,28864000,11
Toyota,Hilux,2015,D/C 2.8 TDi 4X4 SR 6MT 2016,29101000,11
Toyota,Hilux,2015,D/C 3.0 TDi 4X4 SRV 2011,29364000,11
Toyota,Hilux,2015,D/C 3.0 TDi 4X4 SRV CRO 2011,30291000,11
Toyota,Hilux,2015,D/C 2.8 TDi 4X4 SRV 6MT 2016,31226000,11
Toyota,Hilux,2015,D/C 3.0 D-4D T 4X4 SRV LIMITED,31258000,11
Toyota,Hilux,2015,D/C 3.0 TDi 4X4 SRV 5AT 2012,32123000,11
Toyota,Hilux,2015,D/C 3.0 D-4D T 4X4 SRV LIMITED 5AT,32994000,11
Toyota,Hilux,2015,D/C 2.8 TDi 4X4 SRV 6AT 2016,33108000,11
Toyota,Hilux,2015,D/C 2.8 TDi 4X4 SRX 6MT 2016,34494000,11
Toyota,Hilux,2015,D/C 2.8 TDi 4X4 SRX 6AT 2016,36376000,11
Toyota,Hilux,2016,C/S 2.4 TDi 4X2 DX 6MT 2016,18288000,10
Toyota,Hilux,2016,D/C 2.4 TDi 4X2 STD 6MT 2016,21122000,10
Toyota,Hilux,2016,C/S 2.4 TDi 4X4 DX 6MT 2016,21826000,10
Toyota,Hilux,2016,D/C 2.4 TDi 4X2 DX 6MT 2016,22721000,10
Toyota,Hilux,2016,D/C 2.4 TDi 4X2 SR 6MT 2016,24881000,10
Toyota,Hilux,2016,D/C 2.4 TDi 4X4 DX 6MT 2016,26427000,10
Toyota,Hilux,2016,D/C 2.8 TDi 4X2 SRV 6MT 2016,27615000,10
Toyota,Hilux,2016,D/C 2.8 TDi 4X2 SRV PACK 6MT 2016,28953000,10
Toyota,Hilux,2016,D/C 2.8 TDi 4X4 SR 6MT 2016,29190000,10
Toyota,Hilux,2016,D/C 2.8 TDi 4X4 SRV 6MT 2016,31321000,10
Toyota,Hilux,2016,D/C 2.8 TDi 4X4 SRV 6AT 2016,33209000,10
Toyota,Hilux,2016,D/C 2.8 TDi 4X4 SRX 6MT 2016,34599000,10
Toyota,Hilux,2016,D/C 2.8 TDi 4X4 SRX 6AT 2016,36487000,10
Toyota,Hilux,2017,C/S 2.4 TDi 4X2 DX 6MT 2016,18503000,9
Toyota,Hilux,2017,D/C 2.4 TDi 4X2 STD 6MT 2016,21370000,9
Toyota,Hilux,2017,C/S 2.4 TDi 4X4 DX 6MT 2016,22083000,9
Toyota,Hilux,2017,D/C 2.4 TDi 4X2 DX 6MT 2016,22988000,9
Toyota,Hilux,2017,D/C 2.4 TDi 4X2 SR 6MT 2016,25174000,9
Toyota,Hilux,2017,D/C 2.4 TDi 4X4 DX 6MT 2016,26738000,9
Toyota,Hilux,2017,D/C 2.8 TDi 4X2 SRV 6MT 2016,27939000,9
Toyota,Hilux,2017,D/C 2.8 TDi 4X2 SRV 6AT 2017,29146000,9
Toyota,Hilux,2017,D/C 2.8 TDi 4X2 SRV PACK 6MT 2016,29293000,9
Toyota,Hilux,2017,D/C 2.8 TDi 4X4 SR 6MT 2016,29533000,9
Toyota,Hilux,2017,D/C 2.8 TDi 4X2 SRX 6MT 2017,31122000,9
Toyota,Hilux,2017,D/C 2.8 TDi 4X4 SRV 6MT 2016,31690000,9
Toyota,Hilux,2017,D/C 2.8 TDi 4X2 SRX 6AT 2017,33394000,9
Toyota,Hilux,2017,D/C 2.8 TDi 4X4 LIMITED 6MT 2017,33493000,9
Toyota,Hilux,2017,D/C 2.8 TDi 4X4 SRV 6AT 2016,33600000,9
Toyota,Hilux,2017,D/C 2.8 TDi 4X4 SRX 6MT 2016,35006000,9
Toyota,Hilux,2017,D/C 2.8 TDi 4X4 LIMITED 6AT 2017,35815000,9
Toyota,Hilux,2017,D/C 2.8 TDi 4X4 SRX 6AT 2016,36916000,9
Toyota,Hilux,2018,C/S 2.4 TDi 4X2 DX 6MT 2016,18726000,8
Toyota,Hilux,2018,C/S 2.4 TDi 4X2 DX 6MT 2019,19280000,8
Toyota,Hilux,2018,D/C 2.4 TDi 4X2 STD 6MT 2016,21628000,8
Toyota,Hilux,2018,C/S 2.4 TDi 4X4 DX 6MT 2016,22349000,8
Toyota,Hilux,2018,D/C 2.4 TDi 4X2 DX 6MT 2016,23265000,8
Toyota,Hilux,2018,C/S 2.4 TDi 4X4 DX 6MT 2019,23471000,8
Toyota,Hilux,2018,D/C 2.4 TDi 4X2 DX 6MT 2019,24444000,8
Toyota,Hilux,2018,D/C 2.4 TDi 4X2 SR 6MT 2016,25478000,8
Toyota,Hilux,2018,D/C 2.4 TDi 4X2 SR 6MT 2019,26758000,8
Toyota,Hilux,2018,D/C 2.4 TDi 4X4 DX 6MT 2016,27061000,8
Toyota,Hilux,2018,D/C 2.8 TDi 4X2 SRV 6MT 2016,28277000,8
Toyota,Hilux,2018,D/C 2.4 TDi 4X4 DX 6MT 2019,28421000,8
Toyota,Hilux,2018,D/C 2.8 TDi 4X2 SRV 6AT 2017,29498000,8
Toyota,Hilux,2018,D/C 2.8 TDi 4X2 SRV PACK 6MT 2016,29647000,8
Toyota,Hilux,2018,D/C 2.8 TDi 4X2 SRV 6MT 2019,29687000,8
Toyota,Hilux,2018,D/C 2.8 TDi 4X4 SR 6MT 2016,29890000,8
Toyota,Hilux,2018,D/C 2.8 TDi 4X2 SRV 6AT 2019,30988000,8
Toyota,Hilux,2018,D/C 2.8 TDi 4X4 SR 6MT 2019,31386000,8
Toyota,Hilux,2018,D/C 2.8 TDi 4X2 SRX 6MT 2017,31497000,8
Toyota,Hilux,2018,D/C 2.8 TDi 4X4 SRV 6MT 2016,32072000,8
Toyota,Hilux,2018,D/C 2.8 TDi 4X2 SRX 6MT 2019,33086000,8
Toyota,Hilux,2018,D/C 2.8 TDi 4X4 SRV 6MT 2019,33664000,8
Toyota,Hilux,2018,D/C 2.8 TDi 4X2 SRX 6AT 2017,33797000,8
Toyota,Hilux,2018,D/C 2.8 TDi 4X4 LIMITED 6MT 2017,33897000,8
Toyota,Hilux,2018,D/C 2.8 TDi 4X4 SRV 6AT 2016,34006000,8
Toyota,Hilux,2018,D/C 2.8 TDi 4X4 SRX 6MT 2016,35429000,8
Toyota,Hilux,2018,D/C 2.8 TDi 4X2 SRX 6AT 2019,35472000,8
Toyota,Hilux,2018,D/C 2.8 TDi 4X4 SRV 6AT 2019,35689000,8
Toyota,Hilux,2018,D/C 2.8 TDi 4X4 LIMITED 6AT 2017,36247000,8
Toyota,Hilux,2018,D/C 2.8 TDi 4X4 SRX 6MT 2019,37208000,8
Toyota,Hilux,2018,D/C 2.8 TDi 4X4 SRX 6AT 2016,37362000,8
Toyota,Hilux,2018,D/C 2.8 TDi 4X4 SRX 6AT 2019,39233000,8
Toyota,Hilux,2018,D/C 2.8 TDi 4X4 GR-S 6MT 2019,40928000,8
Toyota,Hilux,2018,D/C 2.8 TDi 4X4 GR-S 6AT 2019,43156000,8
Toyota,Hilux,2019,C/S 2.4 TDi 4X2 DX 6MT 2019,19669000,7
Toyota,Hilux,2019,C/S 2.4 TDi 4X2 DX 6MT 2020,19891000,7
Toyota,Hilux,2019,C/S 2.4 TDi 4X4 DX 6MT 2020,23784000,7
Toyota,Hilux,2019,D/C 2.4 TDi 4X2 DX 6MT 2020,23858000,7
Toyota,Hilux,2019,C/S 2.4 TDi 4X4 DX 6MT 2019,23944000,7
Toyota,Hilux,2019,D/C 2.4 TDi 4X2 DX 6MT 2019,24822000,7
Toyota,Hilux,2019,D/C 2.4 TDi 4X2 SR 6MT 2019,27298000,7
Toyota,Hilux,2019,D/C 2.4 TDi 4X2 SR 6MT 2020,27368000,7
Toyota,Hilux,2019,D/C 2.4 TDi 4X4 DX 6MT 2020,27937000,7
Toyota,Hilux,2019,D/C 2.4 TDi 4X4 DX 6MT 2019,28994000,7
Toyota,Hilux,2019,D/C 2.8 TDi 4X2 SRV 6MT 2019,30285000,7
Toyota,Hilux,2019,D/C 2.8 TDi 4X2 SRV 6MT 2020,30828000,7
Toyota,Hilux,2019,D/C 2.8 TDi 4X2 SRV 6AT 2019,31613000,7
Toyota,Hilux,2019,D/C 2.8 TDi 4X4 SR 6MT 2019,32019000,7
Toyota,Hilux,2019,D/C 2.8 TDi 4X4 SR 6MT 2020,32072000,7
Toyota,Hilux,2019,D/C 2.8 TDi 4X2 SRV 6AT 2020,32369000,7
Toyota,Hilux,2019,D/C 2.8 TDi 4X2 SRX 6MT 2019,33753000,7
Toyota,Hilux,2019,D/C 2.8 TDi 4X4 SRV 6MT 2019,34343000,7
Toyota,Hilux,2019,D/C 2.8 TDi 4X4 SRV 6MT 2020,34907000,7
Toyota,Hilux,2019,D/C 2.8 TDi 4X2 SRX 6MT 2020,34939000,7
Toyota,Hilux,2019,D/C 2.8 TDi 4X2 SRX 6AT 2019,36188000,7
Toyota,Hilux,2019,D/C 2.8 TDi 4X4 SRV 6AT 2019,36409000,7
Toyota,Hilux,2019,D/C 2.8 TDi 4X2 SRX 6AT 2020,36481000,7
Toyota,Hilux,2019,D/C 2.8 TDi 4X4 SRV 6AT 2020,36950000,7
Toyota,Hilux,2019,D/C 2.8 TDi 4X4 SRX 6MT 2019,37958000,7
Toyota,Hilux,2019,D/C 2.8 TDi 4X4 SRX 6MT 2020,39018000,7
Toyota,Hilux,2019,D/C 2.8 TDi 4X4 SRX 6AT 2019,40024000,7
Toyota,Hilux,2019,D/C 2.8 TDi 4X4 SRX 6AT 2020,41061000,7
Toyota,Hilux,2019,D/C 2.8 TDi 4X4 GR-S 6MT 2019,41754000,7
Toyota,Hilux,2019,D/C 2.8 TDi 4X4 GR-S 6MT 2020,42445000,7
Toyota,Hilux,2019,D/C 2.8 TDi 4X4 GR-S 6AT 2019,44026000,7
Toyota,Hilux,2019,D/C 2.8 TDi 4X4 GR-S 6AT 2020,44511000,7
Toyota,Hilux,2019,D/C V6 VVTi 4X4 GR-S II 6AT 2020,44511000,7
Toyota,Hilux,2020,C/S 2.4 TDi 4X2 DX 6MT 2020,20318000,6
Toyota,Hilux,2020,C/C 2.4 TDi 4X2 DX 6MT 2021,20768000,6
Toyota,Hilux,2020,C/S 2.4 TDi 4X2 DX 6MT 2021,21896000,6
Toyota,Hilux,2020,C/S 2.4 TDi 4X4 DX 6MT 2020,24295000,6
Toyota,Hilux,2020,D/C 2.4 TDi 4X2 DX 6MT 2020,24370000,6
Toyota,Hilux,2020,C/C 2.4 TDi 4X4 DX 6MT 2021,24851000,6
Toyota,Hilux,2020,D/C 2.4 TDi 4X2 DX 6MT 2021,25535000,6
Toyota,Hilux,2020,C/S 2.4 TDi 4X4 DX 6MT 2021,25979000,6
Toyota,Hilux,2020,D/C 2.4 TDi 4X2 SR 6MT 2020,27956000,6
Toyota,Hilux,2020,D/C 2.4 TDi 4X4 DX 6MT 2020,28537000,6
Toyota,Hilux,2020,D/C 2.4 TDi 4X2 SR 6MT 2021,29265000,6
Toyota,Hilux,2020,D/C 2.4 TDi 4X4 DX 6MT 2021,29812000,6
Toyota,Hilux,2020,D/C 2.8 TDi 4X2 SRV 6MT 2020,31490000,6
Toyota,Hilux,2020,D/C 2.8 TDi 4X4 SR 6MT 2020,32761000,6
Toyota,Hilux,2020,D/C 2.8 TDi 4X2 SRV 6AT 2020,33064000,6
Toyota,Hilux,2020,D/C 2.8 TDi 4X2 SRV 6MT 2021,34151000,6
Toyota,Hilux,2020,D/C 2.8 TDi 4X4 SR 6MT 2021,35071000,6
Toyota,Hilux,2020,D/C 2.8 TDi 4X4 SRV 6MT 2020,35656000,6
Toyota,Hilux,2020,D/C 2.8 TDi 4X2 SRX 6MT 2020,35690000,6
Toyota,Hilux,2020,D/C 2.8 TDi 4X2 SRV 6AT 2021,35878000,6
Toyota,Hilux,2020,D/C 2.8 TDi 4X2 SRX 6AT 2020,37264000,6
Toyota,Hilux,2020,D/C 2.8 TDi 4X4 SRV 6AT 2020,37743000,6
Toyota,Hilux,2020,D/C 2.8 TDi 4X4 SRV 6MT 2021,38428000,6
Toyota,Hilux,2020,D/C 2.8 TDi 4X2 SRX 6MT 2021,38877000,6
Toyota,Hilux,2020,D/C 2.8 TDi 4X4 SRX 6MT 2020,39856000,6
Toyota,Hilux,2020,D/C 2.8 TDi 4X2 SRX 6AT 2021,40604000,6
Toyota,Hilux,2020,D/C 2.8 TDi 4X4 SRV 6AT 2021,40707000,6
Toyota,Hilux,2020,D/C 2.8 TDi 4X4 SRX 6AT 2020,41943000,6
Toyota,Hilux,2020,D/C 2.8 TDi 4X4 SRX 6MT 2021,43155000,6
Toyota,Hilux,2020,D/C 2.8 TDi 4X4 GR-S 6MT 2020,43356000,6
Toyota,Hilux,2020,D/C 2.8 TDi 4X4 SRX 6AT 2021,45423000,6
Toyota,Hilux,2020,D/C 2.8 TDi 4X4 GR-S 6AT 2020,45467000,6
Toyota,Hilux,2020,D/C V6 VVTi 4X4 GR-S II 6AT 2020,45467000,6
Toyota,Hilux,2021,C/C 2.4 TDi 4X2 DX 6MT 2021,21806000,5
Toyota,Hilux,2021,C/S 2.4 TDi 4X2 DX 6MT 2021,22991000,5
Toyota,Hilux,2021,C/C 2.4 TDi 4X4 DX 6MT 2021,26093000,5
Toyota,Hilux,2021,D/C 2.4 TDi 4X2 DX 6MT 2021,26811000,5
Toyota,Hilux,2021,C/S 2.4 TDi 4X4 DX 6MT 2021,27278000,5
Toyota,Hilux,2021,D/C 2.4 TDi 4X2 SR 6MT 2021,30728000,5
Toyota,Hilux,2021,D/C 2.4 TDi 4X4 DX 6MT 2021,31303000,5
Toyota,Hilux,2021,D/C 2.8 TDi 4X2 SRV 6MT 2021,35858000,5
Toyota,Hilux,2021,D/C 2.8 TDi 4X4 SR 6MT 2021,36824000,5
Toyota,Hilux,2021,D/C 2.8 TDi 4X2 SRV 6AT 2021,37671000,5
Toyota,Hilux,2021,D/C 2.8 TDi 4X4 SRV 6MT 2021,40349000,5
Toyota,Hilux,2021,D/C 2.8 TDi 4X2 SRX 6MT 2021,40821000,5
Toyota,Hilux,2021,D/C 2.8 TDi 4X2 SRX 6AT 2021,42635000,5
Toyota,Hilux,2021,D/C 2.8 TDi 4X4 SRV 6AT 2021,42743000,5
Toyota,Hilux,2021,D/C 2.8 TDi 4X4 SRX 6MT 2021,45313000,5
Toyota,Hilux,2021,D/C 2.8 TDi 4X4 SRX 6AT 2021,47695000,5
Toyota,Hilux,2022,C/C 2.4 TDi 4X2 DX 6MT 2021,22678000,4
Toyota,Hilux,2022,C/S 2.4 TDi 4X2 DX 6MT 2021,23910000,4
Toyota,Hilux,2022,C/C 2.4 TDi 4X4 DX 6MT 2021,27137000,4
Toyota,Hilux,2022,D/C 2.4 TDi 4X2 DX 6MT 2021,27884000,4
Toyota,Hilux,2022,C/S 2.4 TDi 4X4 DX 6MT 2021,28369000,4
Toyota,Hilux,2022,D/C 2.4 TDi 4X2 SR 6MT 2021,31957000,4
Toyota,Hilux,2022,D/C 2.4 TDi 4X4 DX 6MT 2021,32555000,4
Toyota,Hilux,2022,D/C 2.4 TDi 4X2 SR 6AT 2022,33048000,4
Toyota,Hilux,2022,D/C 2.8 TDi 4X2 SRV 6MT 2021,37293000,4
Toyota,Hilux,2022,D/C 2.8 TDi 4X4 SR 6MT 2021,38297000,4
Toyota,Hilux,2022,D/C 2.8 TDi 4X2 SRV 6AT 2021,39178000,4
Toyota,Hilux,2022,D/C 2.8 TDi 4X4 SR 6AT 2022,39603000,4
Toyota,Hilux,2022,D/C 2.8 TDi 4X4 SRV 6MT 2021,41963000,4
Toyota,Hilux,2022,D/C 2.8 TDi 4X2 SRX 6MT 2021,42454000,4
Toyota,Hilux,2022,D/C 2.8 TDi 4X2 SRX 6AT 2021,44340000,4
Toyota,Hilux,2022,D/C 2.8 TDi 4X4 SRV 6AT 2021,44452000,4
Toyota,Hilux,2022,D/C 2.8 TDi 4X4 SRX 6MT 2021,47125000,4
Toyota,Hilux,2022,D/C 2.8 TDi 4X4 SRX 6AT 2021,49602000,4
Toyota,Hilux,2022,D/C 2.8 TDi 4X4 CONQUEST 6AT 2022,49602000,4
Toyota,Hilux,2022,D/C 2.8 TDi 4X4 GR-S III 6AT 2022,51586000,4
Toyota,Hilux,2023,C/C 2.4 TDi 4X2 DX 6MT 2021,23812000,3
Toyota,Hilux,2023,C/C 2.4 TDi 4X2 DX 6MT 2024,25003000,3
Toyota,Hilux,2023,C/S 2.4 TDi 4X2 DX 6MT 2021,25106000,3
Toyota,Hilux,2023,C/S 2.4 TDi 4X2 DX 6MT 2024,26361000,3
Toyota,Hilux,2023,C/C 2.4 TDi 4X4 DX 6MT 2021,28494000,3
Toyota,Hilux,2023,D/C 2.4 TDi 4X2 DX 6MT 2021,29278000,3
Toyota,Hilux,2023,C/S 2.4 TDi 4X4 DX 6MT 2021,29787000,3
Toyota,Hilux,2023,C/C 2.4 TDi 4X4 DX 6MT 2024,29918000,3
Toyota,Hilux,2023,D/C 2.4 TDi 4X2 DX 6MT 2024,30742000,3
Toyota,Hilux,2023,C/S 2.4 TDi 4X4 DX 6MT 2024,31277000,3
Toyota,Hilux,2023,D/C 2.4 TDi 4X2 SR 6MT 2021,33555000,3
Toyota,Hilux,2023,D/C 2.4 TDi 4X4 DX 6MT 2021,34182000,3
Toyota,Hilux,2023,D/C 2.4 TDi 4X2 SR 6AT 2022,34701000,3
Toyota,Hilux,2023,D/C 2.4 TDi 4X2 SR 6MT 2024,35233000,3
Toyota,Hilux,2023,D/C 2.4 TDi 4X4 DX 6MT 2024,35891000,3
Toyota,Hilux,2023,D/C 2.4 TDi 4X2 SR 6AT 2024,36436000,3
Toyota,Hilux,2023,D/C 2.8 TDi 4X2 SRV 6MT 2021,39157000,3
Toyota,Hilux,2023,D/C 2.8 TDi 4X4 SR 6MT 2021,40212000,3
Toyota,Hilux,2023,D/C 2.8 TDi 4X2 SRV 6AT 2021,41137000,3
Toyota,Hilux,2023,D/C 2.8 TDi 4X4 SR 6AT 2022,41583000,3
Toyota,Hilux,2023,D/C 2.8 TDi 4X4 SR 6MT 2024,42223000,3
Toyota,Hilux,2023,D/C 2.8 TDi 4X2 SRV 6AT 2024,43194000,3
Toyota,Hilux,2023,D/C 2.8 TDi 4X4 SR 6AT 2024,43663000,3
Toyota,Hilux,2023,D/C 2.8 TDi 4X4 SRV 6MT 2021,44062000,3
Toyota,Hilux,2023,D/C 2.8 TDi 4X2 SRX 6MT 2021,44577000,3
Toyota,Hilux,2023,D/C 2.8 TDi 4X4 SRV 6MT 2024,46265000,3
Toyota,Hilux,2023,D/C 2.8 TDi 4X2 SRX 6AT 2021,46557000,3
Toyota,Hilux,2023,D/C 2.8 TDi 4X4 SRV 6AT 2021,46675000,3
Toyota,Hilux,2023,D/C 2.8 TDi 4X2 SRX 6AT 2024,48885000,3
Toyota,Hilux,2023,D/C 2.8 TDi 4X4 SRV 6AT 2024,49009000,3
Toyota,Hilux,2023,D/C 2.8 TDi 4X4 SRX 6MT 2021,49481000,3
Toyota,Hilux,2023,D/C 2.8 TDi 4X4 SRX 6AT 2021,52082000,3
Toyota,Hilux,2023,D/C 2.8 TDi 4X4 CONQUEST 6AT 2022,52082000,3
Toyota,Hilux,2023,D/C 2.8 TDi 4X4 GR-S III 6AT 2022,54166000,3
Toyota,Hilux,2023,D/C 2.8 TDi 4X4 SRX 6AT 2024,54687000,3
Toyota,Hilux,2023,D/C 2.8 TDi 4X4 GR-S IV 6AT 2023,57482000,3
Toyota,Hilux,2023,D/C 2.8 TDi 4X4 GR-S IV 6AT 2024,60356000,3
Toyota,Hilux,2024,C/C 2.4 TDi 4X2 DX 6MT 2024,26319000,2
Toyota,Hilux,2024,C/C 2.4 TDi 4X2 DX 6MT HAR 2025,27108000,2
Toyota,Hilux,2024,C/S 2.4 TDi 4X2 DX 6MT 2024,27749000,2
Toyota,Hilux,2024,C/S 2.4 TDi 4X2 DX 6MT HAR 2025,28581000,2
Toyota,Hilux,2024,C/C 2.4 TDi 4X4 DX 6MT 2024,31493000,2
Toyota,Hilux,2024,D/C 2.4 TDi 4X2 DX 6MT 2024,32360000,2
Toyota,Hilux,2024,C/C 2.4 TDi 4X4 DX 6MT HAR 2025,32438000,2
Toyota,Hilux,2024,C/S 2.4 TDi 4X4 DX 6MT 2024,32923000,2
Toyota,Hilux,2024,D/C 2.4 TDi 4X2 DX 6MT HAR 2025,33331000,2
Toyota,Hilux,2024,C/S 2.4 TDi 4X4 DX 6MT HAR 2025,33910000,2
Toyota,Hilux,2024,D/C 2.4 TDi 4X2 DX 6AT HAR 2025,34338000,2
Toyota,Hilux,2024,D/C 2.4 TDi 4X2 SR 6MT 2024,37087000,2
Toyota,Hilux,2024,D/C 2.4 TDi 4X4 DX 6MT 2024,37780000,2
Toyota,Hilux,2024,D/C 2.4 TDi 4X2 SR 6MT HAR 2025,38200000,2
Toyota,Hilux,2024,D/C 2.4 TDi 4X2 SR 6AT 2024,38353000,2
Toyota,Hilux,2024,D/C 2.4 TDi 4X4 DX 6MT HAR 2025,38914000,2
Toyota,Hilux,2024,D/C 2.4 TDi 4X2 SR 6AT HAR 2025,39504000,2
Toyota,Hilux,2024,D/C 2.4 TDi 4X4 DX 6AT HAR 2025,39920000,2
Toyota,Hilux,2024,D/C 2.8 TDi 4X4 SR 6MT 2024,44445000,2
Toyota,Hilux,2024,D/C 2.8 TDi 4X2 SRV 6AT 2024,45467000,2
Toyota,Hilux,2024,D/C 2.8 TDi 4X4 SR 6MT HAR 2025,45778000,2
Toyota,Hilux,2024,D/C 2.8 TDi 4X4 SR 6AT 2024,45961000,2
Toyota,Hilux,2024,D/C 2.8 TDi 4X2 SRV 6AT HAR 2025,46831000,2
Toyota,Hilux,2024,D/C 2.8 TDi 4X4 SR 6AT HAR 2025,47339000,2
Toyota,Hilux,2024,D/C 2.8 TDi 4X4 SRV 6MT 2024,48700000,2
Toyota,Hilux,2024,D/C 2.8 TDi 4X4 SRV 6MT HAR 2025,50161000,2
Toyota,Hilux,2024,D/C 2.8 TDi 4X2 SRX 6AT 2024,51458000,2
Toyota,Hilux,2024,D/C 2.8 TDi 4X4 SRV 6AT 2024,51588000,2
Toyota,Hilux,2024,D/C 2.8 TDi 4X2 SRX 6AT HAR 2025,53001000,2
Toyota,Hilux,2024,D/C 2.8 TDi 4X4 SRV 6AT HAR 2025,53136000,2
Toyota,Hilux,2024,D/C 2.8 TDi 4X4 SRX 6AT 2024,57565000,2
Toyota,Hilux,2024,D/C 2.8 TDi 4X4 SRX 6AT HAR 2025,59292000,2
Toyota,Hilux,2024,D/C 2.8 TDi 4X4 GR-S IV 6AT 2024,63532000,2
Toyota,Hilux,2024,D/C 2.8 TDi 4X4 GR-S IV 6AT HAR 2025,65438000,2
Toyota,Hilux,2025,C/C 2.4 TDi 4X2 DX 6MT 2024,27635000,1
Toyota,Hilux,2025,C/C 2.4 TDi 4X2 DX 6MT HAR 2025,28464000,1
Toyota,Hilux,2025,C/S 2.4 TDi 4X2 DX 6MT 2024,29136000,1
Toyota,Hilux,2025,C/S 2.4 TDi 4X2 DX 6MT HAR 2025,30010000,1
Toyota,Hilux,2025,C/C 2.4 TDi 4X4 DX 6MT 2024,33068000,1
Toyota,Hilux,2025,D/C 2.4 TDi 4X2 DX 6MT 2024,33978000,1
Toyota,Hilux,2025,C/C 2.4 TDi 4X4 DX 6MT HAR 2025,34060000,1
Toyota,Hilux,2025,C/S 2.4 TDi 4X4 DX 6MT 2024,34569000,1
Toyota,Hilux,2025,D/C 2.4 TDi 4X2 DX 6MT HAR 2025,34997000,1
Toyota,Hilux,2025,C/S 2.4 TDi 4X4 DX 6MT HAR 2025,35606000,1
Toyota,Hilux,2025,D/C 2.4 TDi 4X2 DX 6AT HAR 2025,36055000,1
Toyota,Hilux,2025,D/C 2.4 TDi 4X2 SR 6MT 2024,38942000,1
Toyota,Hilux,2025,D/C 2.4 TDi 4X4 DX 6MT 2024,39670000,1
Toyota,Hilux,2025,D/C 2.4 TDi 4X2 SR 6MT HAR 2025,40110000,1
Toyota,Hilux,2025,D/C 2.4 TDi 4X2 SR 6AT 2024,40271000,1
Toyota,Hilux,2025,D/C 2.4 TDi 4X4 DX 6MT HAR 2025,40860000,1
Toyota,Hilux,2025,D/C 2.4 TDi 4X2 SR 6AT HAR 2025,41479000,1
Toyota,Hilux,2025,D/C 2.4 TDi 4X4 DX 6AT HAR 2025,41916000,1
Toyota,Hilux,2025,D/C 2.8 TDi 4X4 SR 6MT 2024,46667000,1
Toyota,Hilux,2025,D/C 2.8 TDi 4X2 SRV 6AT 2024,47741000,1
Toyota,Hilux,2025,D/C 2.8 TDi 4X4 SR 6MT HAR 2025,48067000,1
Toyota,Hilux,2025,D/C 2.8 TDi 4X4 SR 6AT 2024,48259000,1
Toyota,Hilux,2025,D/C 2.8 TDi 4X2 SRV 6AT HAR 2025,49173000,1
Toyota,Hilux,2025,D/C 2.8 TDi 4X4 SR 6AT HAR 2025,49706000,1
Toyota,Hilux,2025,D/C 2.8 TDi 4X4 SRV 6MT 2024,51135000,1
Toyota,Hilux,2025,D/C 2.8 TDi 4X4 SRV 6MT HAR 2025,52669000,1
Toyota,Hilux,2025,D/C 2.8 TDi 4X2 SRX 6AT 2024,54031000,1
Toyota,Hilux,2025,D/C 2.8 TDi 4X4 SRV 6AT 2024,54167000,1
Toyota,Hilux,2025,D/C 2.8 TDi 4X2 SRX 6AT HAR 2025,55651000,1
Toyota,Hilux,2025,D/C 2.8 TDi 4X4 SRV 6AT HAR 2025,55792000,1
Toyota,Hilux,2025,D/C 2.8 TDi 4X4 SRX 6AT 2024,60443000,1
Toyota,Hilux,2025,D/C 2.8 TDi 4X4 SRX 6AT HAR 2025,62256000,1
Toyota,Hilux,2025,D/C 2.8 TDi 4X4 GR-S IV 6AT 2024,66709000,1
Toyota,Hilux,2025,D/C 2.8 TDi 4X4 GR-S IV 6AT HAR 2025,68710000,1
Volkswagen,Amarok,2012,C/S 2.0 TDi 140CV 4X2 START,14034000,14
Volkswagen,Amarok,2012,D/C 2.0 TDi 122CV 4X2 START,14527000,14
Volkswagen,Amarok,2012,D/C 2.0 TDi 122CV 4X2 START 2ABG,14717000,14
Volkswagen,Amarok,2012,D/C 2.0 TDi 163CV 4X2 START 2ABG,16734000,14
Volkswagen,Amarok,2012,D/C 2.0 TDi 122CV 4X4 START,16787000,14
Volkswagen,Amarok,2012,C/S 2.0 TDi 140CV 4X4 START,17176000,14
Volkswagen,Amarok,2012,D/C 2.0 TDi 122CV 4X4 START 2ABG,17264000,14
Volkswagen,Amarok,2012,D/C 2.0 TDi 180CV 4X2 START 2ABG,17292000,14
Volkswagen,Amarok,2012,D/C 2.0 TDi 163CV 4X2 TREND,17302000,14
Volkswagen,Amarok,2012,D/C 2.0 TDi 163CV 4X2 HIGH,18742000,14
Volkswagen,Amarok,2012,D/C 2.0 TDi 180CV 4X2 TREND,18814000,14
Volkswagen,Amarok,2012,D/C 2.0 TDi 163CV 4X2 HIGH CRO,19417000,14
Volkswagen,Amarok,2012,D/C 2.0 TDi 163CV 4X4 START 2ABG,19900000,14
Volkswagen,Amarok,2012,D/C 2.0 TDi 180CV 4X4 START 2ABG,20046000,14
Volkswagen,Amarok,2012,D/C 2.0 TDi 163CV 4X2 HIGH PACK,20061000,14
Volkswagen,Amarok,2012,D/C 2.0 TDi 180CV 4X2 HIGH,20474000,14
Volkswagen,Amarok,2012,D/C 2.0 TDi 163CV 4X4 TREND,20905000,14
Volkswagen,Amarok,2012,D/C 2.0 TDi 180CV 4X4 TREND,21802000,14
Volkswagen,Amarok,2012,D/C 2.0 TDi 180CV 4X2 HIGH PACK,21913000,14
Volkswagen,Amarok,2012,D/C 2.0 TDi 163CV 4X4 HIGH BLACK,21934000,14
Volkswagen,Amarok,2012,D/C 2.0 TDi 163CV 4X4 HIGH,22665000,14
Volkswagen,Amarok,2012,D/C 2.0 TDi 163CV 4X4 HIGH CRO,23352000,14
Volkswagen,Amarok,2012,D/C 2.0 TDi 163CV 4X4 HIGH BLACK PACK,23611000,14
Volkswagen,Amarok,2012,D/C 2.0 TDi 163CV 4X4 HIGH PACK,24162000,14
Volkswagen,Amarok,2012,D/C 2.0 TDi 180CV 4X4 HIGH PACK,24812000,14
Volkswagen,Amarok,2012,D/C 2.0 TDi 180CV 4X4 HIGH PACK AT,25449000,14
Volkswagen,Amarok,2013,C/S 2.0 TDi 140CV 4X2 START,14590000,13
Volkswagen,Amarok,2013,D/C 2.0 TDi 122CV 4X2 START,15103000,13
Volkswagen,Amarok,2013,D/C 2.0 TDi 122CV 4X2 START 2ABG,15300000,13
Volkswagen,Amarok,2013,D/C 2.0 TDi 140CV 4X2 START,15462000,13
Volkswagen,Amarok,2013,D/C 2.0 TDi 163CV 4X2 START 2ABG,17397000,13
Volkswagen,Amarok,2013,D/C 2.0 TDi 122CV 4X4 START,17452000,13
Volkswagen,Amarok,2013,D/C 2.0 TDi 140CV 4X4 START,17822000,13
Volkswagen,Amarok,2013,C/S 2.0 TDi 140CV 4X4 START,17856000,13
Volkswagen,Amarok,2013,D/C 2.0 TDi 122CV 4X4 START 2ABG,17948000,13
Volkswagen,Amarok,2013,D/C 2.0 TDi 180CV 4X2 START 2ABG,17977000,13
Volkswagen,Amarok,2013,D/C 2.0 TDi 163CV 4X2 TREND,17987000,13
Volkswagen,Amarok,2013,D/C 2.0 TDi 163CV 4X2 HIGH,19485000,13
Volkswagen,Amarok,2013,D/C 2.0 TDi 180CV 4X2 TREND,19559000,13
Volkswagen,Amarok,2013,D/C 2.0 TDi 163CV 4X2 HIGH CRO,20187000,13
Volkswagen,Amarok,2013,D/C 2.0 TDi 163CV 4X4 START 2ABG,20688000,13
Volkswagen,Amarok,2013,D/C 2.0 TDi 180CV 4X4 START 2ABG,20840000,13
Volkswagen,Amarok,2013,D/C 2.0 TDi 180CV 4X2 HIGH,21285000,13
Volkswagen,Amarok,2013,D/C 2.0 TDi 163CV 4X4 TREND,21733000,13
Volkswagen,Amarok,2013,D/C 2.0 TDi 180CV 4X4 TREND,22666000,13
Volkswagen,Amarok,2013,D/C 2.0 TDi 180CV 4X2 HIGH PACK,22781000,13
Volkswagen,Amarok,2013,D/C 2.0 TDi 163CV 4X4 HIGH BLACK,22803000,13
Volkswagen,Amarok,2013,D/C 2.0 TDi 180CV 4X4 TREND AT,23548000,13
Volkswagen,Amarok,2013,D/C 2.0 TDi 163CV 4X4 HIGH,23563000,13
Volkswagen,Amarok,2013,D/C 2.0 TDi 163CV 4X4 HIGH CRO,24277000,13
Volkswagen,Amarok,2013,D/C 2.0 TDi 163CV 4X4 HIGH BLACK PACK,24546000,13
Volkswagen,Amarok,2013,D/C 2.0 TDi 163CV 4X4 HIGH PACK,25119000,13
Volkswagen,Amarok,2013,D/C 2.0 TDi 180CV 4X4 HIGH,25312000,13
Volkswagen,Amarok,2013,D/C 2.0 TDi 180CV 4X4 HIGH PACK,25795000,13
Volkswagen,Amarok,2013,D/C 2.0 TDi 180CV 4X4 HIGH PACK AT,26458000,13
Volkswagen,Amarok,2014,C/S 2.0 TDi 140CV 4X2 START,14962000,12
Volkswagen,Amarok,2014,D/C 2.0 TDi 140CV 4X2 START,16378000,12
Volkswagen,Amarok,2014,D/C 2.0 TDi 140CV 4X4 START,18877000,12
Volkswagen,Amarok,2014,D/C 2.0 TDi 180CV 4X2 START 2ABG,19042000,12
Volkswagen,Amarok,2014,D/C 2.0 TDi 180CV 4X2 TREND,20717000,12
Volkswagen,Amarok,2014,D/C 2.0 TDi 180CV 4X4 START 2ABG,22074000,12
Volkswagen,Amarok,2014,D/C 2.0 TDi 180CV 4X2 HIGH,22545000,12
Volkswagen,Amarok,2014,D/C 2.0 TDi 180CV 4X4 TREND,24008000,12
Volkswagen,Amarok,2014,D/C 2.0 TDi 180CV 4X2 DARK LABEL,24079000,12
Volkswagen,Amarok,2014,D/C 2.0 TDi 180CV 4X2 HIGH PACK,24130000,12
Volkswagen,Amarok,2014,D/C 2.0 TDi 180CV 4X4 TREND AT,24942000,12
Volkswagen,Amarok,2014,D/C 2.0 TDi 180CV 4X2 HIGH PACK AT 2015,24970000,12
Volkswagen,Amarok,2014,D/C 2.0 TDi 180CV 4X2 DARK LABEL AT,25379000,12
Volkswagen,Amarok,2014,D/C 2.0 TDi 180CV 4X4 DARK LABEL,26434000,12
Volkswagen,Amarok,2014,D/C 2.0 TDi 180CV 4X4 HIGH,26811000,12
Volkswagen,Amarok,2014,D/C 2.0 TDi 180CV 4X4 HIGH PACK,27322000,12
Volkswagen,Amarok,2014,D/C 2.0 TDi 180CV 4X4 HIGH PACK AT,28024000,12
Volkswagen,Amarok,2014,D/C 2.0 TDi 180CV 4X4 DARK LABEL AT,28057000,12
Volkswagen,Amarok,2015,C/S 2.0 TDi 140CV 4X2 START,15549000,11
Volkswagen,Amarok,2015,C/S 2.0 TDi 140CV 4X2 START 2015,15977000,11
Volkswagen,Amarok,2015,D/C 2.0 TDi 140CV 4X2 START,17020000,11
Volkswagen,Amarok,2015,D/C 2.0 TDi 140CV 4X2 START 2015,17383000,11
Volkswagen,Amarok,2015,C/S 2.0 TDi 140CV 4X4 START 2015,19120000,11
Volkswagen,Amarok,2015,D/C 2.0 TDi 140CV 4X4 START,19617000,11
Volkswagen,Amarok,2015,D/C 2.0 TDi 180CV 4X2 START 2ABG,19789000,11
Volkswagen,Amarok,2015,D/C 2.0 TDi 140CV 4X4 START 2015,20057000,11
Volkswagen,Amarok,2015,D/C 2.0 TDi 180CV 4X2 TREND,21530000,11
Volkswagen,Amarok,2015,D/C 2.0 TDi 180CV 4X2 TREND 2015,21920000,11
Volkswagen,Amarok,2015,D/C 2.0 TDi 180CV 4X2 TREND REAR PARKING 2015,22031000,11
Volkswagen,Amarok,2015,D/C 2.0 TDi 180CV 4X4 START 2ABG,22940000,11
Volkswagen,Amarok,2015,D/C 2.0 TDi 180CV 4X2 TREND AT 2015,22972000,11
Volkswagen,Amarok,2015,D/C 2.0 TDi 180CV 4X2 TREND REAR PARKING AT 2015,23127000,11
Volkswagen,Amarok,2015,D/C 2.0 TDi 180CV 4X2 HIGH,23430000,11
Volkswagen,Amarok,2015,D/C 2.0 TDi 180CV 4X4 TREND,24950000,11
Volkswagen,Amarok,2015,D/C 2.0 TDi 180CV 4X2 DARK LABEL,25024000,11
Volkswagen,Amarok,2015,D/C 2.0 TDi 180CV 4X2 HIGH PACK,25076000,11
Volkswagen,Amarok,2015,D/C 2.0 TDi 180CV 4X2 HIGH PACK 2015,25352000,11
Volkswagen,Amarok,2015,D/C 2.0 TDi 180CV 4X4 TREND 2015,25352000,11
Volkswagen,Amarok,2015,D/C 2.0 TDi 180CV 4X2 DARK LABEL REAR PARKING,25371000,11
Volkswagen,Amarok,2015,D/C 2.0 TDi 180CV 4X4 TREND REAR PARKING 2015,25463000,11
Volkswagen,Amarok,2015,D/C 2.0 TDi 180CV 4X2 HIGH PACK ALCANTARA 2015,25739000,11
Volkswagen,Amarok,2015,D/C 2.0 TDi 180CV 4X2 HIGH PACK CRO VIENNA 2015,25850000,11
Volkswagen,Amarok,2015,D/C 2.0 TDi 180CV 4X4 TREND AT,25921000,11
Volkswagen,Amarok,2015,D/C 2.0 TDi 180CV 4X2 HIGH PACK AT 2015,25950000,11
Volkswagen,Amarok,2015,D/C 2.0 TDi 180CV 4X2 DARK LABEL AT,26375000,11
Volkswagen,Amarok,2015,D/C 2.0 TDi 180CV 4X2 DARK LABEL REAR PARKING AT,26511000,11
Volkswagen,Amarok,2015,D/C 2.0 TDi 180CV 4X2 HIGH PACK ALCANTARA AT 2015,26514000,11
Volkswagen,Amarok,2015,D/C 2.0 TDi 180CV 4X2 HIGH PACK CRO VIENNA AT 2015,26625000,11
Volkswagen,Amarok,2015,D/C 2.0 TDi 180CV 4X2 ULTIMATE,26625000,11
Volkswagen,Amarok,2015,D/C 2.0 TDi 180CV 4X4 TREND AT 2015,27123000,11
Volkswagen,Amarok,2015,D/C 2.0 TDi 180CV 4X4 TREND REAR PARKING AT 2015,27234000,11
Volkswagen,Amarok,2015,D/C 2.0 TDi 180CV 4X4 DARK LABEL,27471000,11
Volkswagen,Amarok,2015,D/C 2.0 TDi 180CV 4X4 DARK LABEL REAR PARKING,27566000,11
Volkswagen,Amarok,2015,D/C 2.0 TDi 180CV 4X4 HIGH,27863000,11
Volkswagen,Amarok,2015,D/C 2.0 TDi 180CV 4X2 ULTIMATE AT,28230000,11
Volkswagen,Amarok,2015,D/C 2.0 TDi 180CV 4X4 HIGH PACK,28394000,11
Volkswagen,Amarok,2015,D/C 2.0 TDi 180CV 4X4 HIGH PACK 2015,28507000,11
Volkswagen,Amarok,2015,D/C 2.0 TDi 180CV 4X4 HIGH PACK ALCANTARA 2015,28784000,11
Volkswagen,Amarok,2015,D/C 2.0 TDi 180CV 4X4 HIGH PACK CRO VIENNA 2015,28894000,11
Volkswagen,Amarok,2015,D/C 2.0 TDi 180CV 4X4 HIGH PACK AT,29124000,11
Volkswagen,Amarok,2015,D/C 2.0 TDi 180CV 4X4 DARK LABEL AT,29158000,11
Volkswagen,Amarok,2015,D/C 2.0 TDi 180CV 4X4 HIGH PACK AT 2015,29448000,11
Volkswagen,Amarok,2015,D/C 2.0 TDi 180CV 4X4 DARK LABEL REAR PARKING AT,29614000,11
Volkswagen,Amarok,2015,D/C 2.0 TDi 180CV 4X4 HIGH PACK ALCANTARA AT 2015,29891000,11
Volkswagen,Amarok,2015,D/C 2.0 TDi 180CV 4X4 HIGH PACK CRO VIENNA AT 2015,30002000,11
Volkswagen,Amarok,2015,D/C 2.0 TDi 180CV 4X4 ULTIMATE,30444000,11
Volkswagen,Amarok,2015,D/C 2.0 TDi 180CV 4X4 ULTIMATE AT,32105000,11
Volkswagen,Amarok,2016,C/S 2.0 TDi 140CV 4X2 START,16168000,10
Volkswagen,Amarok,2016,C/S 2.0 TDi 140CV 4X2 START 2015,16613000,10
Volkswagen,Amarok,2016,C/S 2.0 TDi 140CV 4X2 TREND 2017,17054000,10
Volkswagen,Amarok,2016,D/C 2.0 TDi 140CV 4X2 START 2015,18075000,10
Volkswagen,Amarok,2016,D/C 2.0 TDi 140CV 4X2 TREND 2017,18562000,10
Volkswagen,Amarok,2016,C/S 2.0 TDi 140CV 4X4 START 2015,19881000,10
Volkswagen,Amarok,2016,C/S 2.0 TDi 140CV 4X4 TREND 2017,20344000,10
Volkswagen,Amarok,2016,D/C 2.0 TDi 140CV 4X4 START 2015,20856000,10
Volkswagen,Amarok,2016,D/C 2.0 TDi 140CV 4X4 TREND 2017,21744000,10
Volkswagen,Amarok,2016,D/C 2.0 TDi 180CV 4X2 TREND 2015,22793000,10
Volkswagen,Amarok,2016,D/C 2.0 TDi 180CV 4X2 TREND REAR PARKING 2015,22908000,10
Volkswagen,Amarok,2016,D/C 2.0 TDi 180CV 4X2 COMF 2017,23671000,10
Volkswagen,Amarok,2016,D/C 2.0 TDi 180CV 4X2 TREND AT 2015,23887000,10
Volkswagen,Amarok,2016,D/C 2.0 TDi 180CV 4X2 TREND REAR PARKING AT 2015,24048000,10
Volkswagen,Amarok,2016,D/C 2.0 TDi 180CV 4X2 COMF AT 2017,25037000,10
Volkswagen,Amarok,2016,D/C 2.0 TDi 180CV 4X2 HIGH PACK 2015,26362000,10
Volkswagen,Amarok,2016,D/C 2.0 TDi 180CV 4X2 HIGH 2017,26402000,10
Volkswagen,Amarok,2016,D/C 2.0 TDi 180CV 4X2 HIGH PACK ALCANTARA 2015,26765000,10
Volkswagen,Amarok,2016,D/C 2.0 TDi 180CV 4X2 HIGH PACK CRO VIENNA 2015,26880000,10
Volkswagen,Amarok,2016,D/C 2.0 TDi 180CV 4X2 HIGH PACK AT 2015,26984000,10
Volkswagen,Amarok,2016,D/C 2.0 TDi 180CV 4X4 COMF 2017,27131000,10
Volkswagen,Amarok,2016,D/C 2.0 TDi 180CV 4X2 DARK LABEL,27260000,10
Volkswagen,Amarok,2016,D/C 2.0 TDi 180CV 4X2 HIGH PACK ALCANTARA AT 2015,27570000,10
Volkswagen,Amarok,2016,D/C 2.0 TDi 180CV 4X4 TREND 2015,27617000,10
Volkswagen,Amarok,2016,D/C 2.0 TDi 180CV 4X2 DARK LABEL REAR PARKING,27638000,10
Volkswagen,Amarok,2016,D/C 2.0 TDi 180CV 4X2 HIGH PACK CRO VIENNA AT 2015,27686000,10
Volkswagen,Amarok,2016,D/C 2.0 TDi 180CV 4X4 TREND AT 2015,28069000,10
Volkswagen,Amarok,2016,D/C 2.0 TDi 180CV 4X4 DARK LABEL,28430000,10
Volkswagen,Amarok,2016,D/C 2.0 TDi 180CV 4X2 HIGH AT 2017,28476000,10
Volkswagen,Amarok,2016,D/C 2.0 TDi 180CV 4X4 DARK LABEL REAR PARKING,28528000,10
Volkswagen,Amarok,2016,D/C 2.0 TDi 180CV 4X2 DARK LABEL AT,28731000,10
Volkswagen,Amarok,2016,D/C 2.0 TDi 180CV 4X2 DARK LABEL REAR PARKING AT,28880000,10
Volkswagen,Amarok,2016,D/C 2.0 TDi 180CV 4X4 COMF AT 2017,28951000,10
Volkswagen,Amarok,2016,D/C 2.0 TDi 180CV 4X2 ULTIMATE,29004000,10
Volkswagen,Amarok,2016,D/C 2.0 TDi 180CV 4X4 HIGH PACK 2015,29501000,10
Volkswagen,Amarok,2016,D/C 2.0 TDi 180CV 4X4 HIGH PACK ALCANTARA 2015,29788000,10
Volkswagen,Amarok,2016,D/C 2.0 TDi 180CV 4X4 HIGH PACK CRO VIENNA 2015,29902000,10
Volkswagen,Amarok,2016,D/C 2.0 TDi 180CV 4X4 DARK LABEL AT,30175000,10
Volkswagen,Amarok,2016,D/C 2.0 TDi 180CV 4X4 HIGH PACK AT 2015,30475000,10
Volkswagen,Amarok,2016,D/C 2.0 TDi 180CV 4X4 DARK LABEL REAR PARKING AT,30647000,10
Volkswagen,Amarok,2016,D/C 2.0 TDi 180CV 4X2 ULTIMATE AT,30753000,10
Volkswagen,Amarok,2016,D/C 2.0 TDi 180CV 4X4 HIGH PACK ALCANTARA AT 2015,30933000,10
Volkswagen,Amarok,2016,D/C 2.0 TDi 180CV 4X4 HIGH PACK CRO VIENNA AT 2015,31048000,10
Volkswagen,Amarok,2016,D/C 2.0 TDi 180CV 4X4 ULTIMATE,31506000,10
Volkswagen,Amarok,2016,D/C 2.0 TDi 180CV 4X4 BLACK EDITION,31769000,10
Volkswagen,Amarok,2016,D/C 2.0 TDi 180CV 4X4 HIGH 2017,31865000,10
Volkswagen,Amarok,2016,D/C 2.0 TDi 180CV 4X4 BLACK EDITION ALCANTARA,32248000,10
Volkswagen,Amarok,2016,D/C 2.0 TDi 180CV 4X4 BLACK EDITION VIENA,32488000,10
Volkswagen,Amarok,2016,D/C 2.0 TDi 180CV 4X4 ULTIMATE AT,33225000,10
Volkswagen,Amarok,2016,D/C 2.0 TDi 180CV 4X4 BLACK EDITION AT,33542000,10
Volkswagen,Amarok,2016,D/C 2.0 TDi 180CV 4X4 HIGH AT 2017,34261000,10
Volkswagen,Amarok,2017,C/S 2.0 TDi 140CV 4X2 TREND 2017,18042000,9
Volkswagen,Amarok,2017,C/S 2.0 TDi 140CV 4X2 TREND HARD WORK 2018,18292000,9
Volkswagen,Amarok,2017,D/C 2.0 TDi 140CV 4X2 TREND 2017,19637000,9
Volkswagen,Amarok,2017,D/C 2.0 TDi 140CV 4X2 TREND KAROMA 16 2017,19941000,9
Volkswagen,Amarok,2017,D/C 2.0 TDi 140CV 4X2 TREND KAROMA 16 HARD WORK 2018,20175000,9
Volkswagen,Amarok,2017,C/S 2.0 TDi 140CV 4X4 TREND 2017,21522000,9
Volkswagen,Amarok,2017,C/S 2.0 TDi 140CV 4X4 TREND HARD WORK 2018,21731000,9
Volkswagen,Amarok,2017,D/C 2.0 TDi 140CV 4X4 TREND 2017,23004000,9
Volkswagen,Amarok,2017,D/C 2.0 TDi 140CV 4X4 TREND KAROMA 16 2017,23312000,9
Volkswagen,Amarok,2017,D/C 2.0 TDi 140CV 4X4 TREND KAROMA 16 HARD WORK 2018,23499000,9
Volkswagen,Amarok,2017,D/C 2.0 TDi 180CV 4X2 COMF 2017,25042000,9
Volkswagen,Amarok,2017,D/C 2.0 TDi 180CV 4X2 COMF AT 2017,26487000,9
Volkswagen,Amarok,2017,D/C 2.0 TDi 180CV 4X2 HIGH 2017,27932000,9
Volkswagen,Amarok,2017,D/C 2.0 TDi 180CV 4X4 COMF 2017,28702000,9
Volkswagen,Amarok,2017,D/C 2.0 TDi 180CV 4X2 HIGH AT 2017,29848000,9
Volkswagen,Amarok,2017,D/C 2.0 TDi 180CV 4X4 COMF AT 2017,30629000,9
Volkswagen,Amarok,2017,D/C 2.0 TDi 180CV 4X4 BLACK EDITION,33609000,9
Volkswagen,Amarok,2017,D/C 2.0 TDi 180CV 4X4 HIGH 2017,33711000,9
Volkswagen,Amarok,2017,D/C 2.0 TDi 180CV 4X4 BLACK EDITION ALCANTARA,34116000,9
Volkswagen,Amarok,2017,D/C 2.0 TDi 180CV 4X4 BLACK EDITION VIENA,34370000,9
Volkswagen,Amarok,2017,D/C 2.0 TDi 180CV 4X4 BLACK EDITION AT,35485000,9
Volkswagen,Amarok,2017,D/C 2.0 TDi 180CV 4X4 HIGH AT 2017,36245000,9
Volkswagen,Amarok,2017,D/C 3.0 TDi V6 4X4 8AT 224CV,39983000,9
Volkswagen,Amarok,2017,D/C 3.0 TDi V6 4X4 8AT EXTREME 224CV,42376000,9
Volkswagen,Amarok,2018,C/S 2.0 TDi 140CV 4X2 TREND 2017,18753000,8
Volkswagen,Amarok,2018,C/S 2.0 TDi 140CV 4X2 TREND HARD WORK 2018,19013000,8
Volkswagen,Amarok,2018,D/C 2.0 TDi 140CV 4X2 TREND 2017,20828000,8
Volkswagen,Amarok,2018,D/C 2.0 TDi 140CV 4X2 TREND KAROMA 16 2017,21150000,8
Volkswagen,Amarok,2018,D/C 2.0 TDi 140CV 4X2 TREND KAROMA 16 HARD WORK 2018,21399000,8
Volkswagen,Amarok,2018,C/S 2.0 TDi 140CV 4X4 TREND 2017,22370000,8
Volkswagen,Amarok,2018,C/S 2.0 TDi 140CV 4X4 TREND HARD WORK 2018,22587000,8
Volkswagen,Amarok,2018,D/C 2.0 TDi 140CV 4X4 TREND 2017,24398000,8
Volkswagen,Amarok,2018,D/C 2.0 TDi 140CV 4X4 TREND KAROMA 16 2017,24725000,8
Volkswagen,Amarok,2018,D/C 2.0 TDi 140CV 4X4 TREND KAROMA 16 HARD WORK 2018,24924000,8
Volkswagen,Amarok,2018,D/C 2.0 TDi 180CV 4X2 COMF 2017,26560000,8
Volkswagen,Amarok,2018,D/C 2.0 TDi 180CV 4X2 COMF AT 2017,28093000,8
Volkswagen,Amarok,2018,D/C 2.0 TDi 180CV 4X2 HIGH 2017,29625000,8
Volkswagen,Amarok,2018,D/C 2.0 TDi 180CV 4X4 COMF 2017,30442000,8
Volkswagen,Amarok,2018,D/C 2.0 TDi 180CV 4X2 HIGH AT 2017,31658000,8
Volkswagen,Amarok,2018,D/C 2.0 TDi 180CV 4X4 COMF AT 2017,32485000,8
Volkswagen,Amarok,2018,D/C 3.0 TDi V6 4X4 COMF AT 224CV,35412000,8
Volkswagen,Amarok,2018,D/C 2.0 TDi 180CV 4X4 BLACK EDITION,35647000,8
Volkswagen,Amarok,2018,D/C 2.0 TDi 180CV 4X4 HIGH 2017,35754000,8
Volkswagen,Amarok,2018,D/C 2.0 TDi 180CV 4X4 BLACK EDITION ALCANTARA,36185000,8
Volkswagen,Amarok,2018,D/C 2.0 TDi 180CV 4X4 BLACK EDITION VIENA,36453000,8
Volkswagen,Amarok,2018,D/C 2.0 TDi 180CV 4X4 BLACK EDITION AT,37636000,8
Volkswagen,Amarok,2018,D/C 2.0 TDi 180CV 4X4 HIGH AT 2017,38443000,8
Volkswagen,Amarok,2018,D/C 3.0 TDi V6 4X4 8AT 224CV,42407000,8
Volkswagen,Amarok,2018,D/C 3.0 TDi V6 4X4 8AT EXTREME 224CV,44945000,8
Volkswagen,Amarok,2019,C/S 2.0 TDi 140CV 4X2 TREND 2017,19867000,7
Volkswagen,Amarok,2019,C/S 2.0 TDi 140CV 4X2 TREND HARD WORK 2018,20143000,7
Volkswagen,Amarok,2019,D/C 2.0 TDi 140CV 4X2 TREND 2017,22293000,7
Volkswagen,Amarok,2019,D/C 2.0 TDi 140CV 4X2 TREND KAROMA 16 2017,22638000,7
Volkswagen,Amarok,2019,D/C 2.0 TDi 140CV 4X2 TREND KAROMA 16 HARD WORK 2018,22904000,7
Volkswagen,Amarok,2019,C/S 2.0 TDi 140CV 4X4 TREND 2017,23700000,7
Volkswagen,Amarok,2019,C/S 2.0 TDi 140CV 4X4 TREND HARD WORK 2018,23930000,7
Volkswagen,Amarok,2019,D/C 2.0 TDi 140CV 4X4 TREND 2017,26115000,7
Volkswagen,Amarok,2019,D/C 2.0 TDi 140CV 4X4 TREND KAROMA 16 2017,26465000,7
Volkswagen,Amarok,2019,D/C 2.0 TDi 140CV 4X4 TREND KAROMA 16 HARD WORK 2018,26677000,7
Volkswagen,Amarok,2019,D/C 2.0 TDi 180CV 4X2 COMF 2017,28429000,7
Volkswagen,Amarok,2019,D/C 2.0 TDi 180CV 4X2 COMF AT 2017,30069000,7
Volkswagen,Amarok,2019,D/C 2.0 TDi 180CV 4X2 HIGH 2017,31709000,7
Volkswagen,Amarok,2019,D/C 2.0 TDi 180CV 4X4 COMF 2017,32584000,7
Volkswagen,Amarok,2019,D/C 2.0 TDi 180CV 4X2 HIGH AT 2017,33885000,7
Volkswagen,Amarok,2019,D/C 2.0 TDi 180CV 4X4 COMF AT 2017,34771000,7
Volkswagen,Amarok,2019,D/C 3.0 TDi V6 4X4 COMF AT 224CV,37903000,7
Volkswagen,Amarok,2019,D/C 2.0 TDi 180CV 4X4 HIGH 2017,38270000,7
Volkswagen,Amarok,2019,D/C 2.0 TDi 180CV 4X4 HIGH AT 2017,41147000,7
Volkswagen,Amarok,2019,D/C 3.0 TDi V6 4X4 8AT 224CV,45391000,7
Volkswagen,Amarok,2019,D/C 3.0 TDi V6 4X4 8AT EXTREME 224CV,48107000,7
Volkswagen,Amarok,2020,C/S 2.0 TDi 140CV 4X2 TREND 2017,20725000,6
Volkswagen,Amarok,2020,C/S 2.0 TDi 140CV 4X2 TREND HARD WORK 2018,21012000,6
Volkswagen,Amarok,2020,D/C 2.0 TDi 140CV 4X2 TREND 2017,23231000,6
Volkswagen,Amarok,2020,D/C 2.0 TDi 140CV 4X2 TREND KAROMA 16 2017,23591000,6
Volkswagen,Amarok,2020,D/C 2.0 TDi 140CV 4X2 TREND KAROMA 16 HARD WORK 2018,23868000,6
Volkswagen,Amarok,2020,C/S 2.0 TDi 140CV 4X4 TREND 2017,24722000,6
Volkswagen,Amarok,2020,C/S 2.0 TDi 140CV 4X4 TREND HARD WORK 2018,24962000,6
Volkswagen,Amarok,2020,D/C 2.0 TDi 140CV 4X4 TREND 2017,27214000,6
Volkswagen,Amarok,2020,D/C 2.0 TDi 140CV 4X4 TREND KAROMA 16 2017,27578000,6
Volkswagen,Amarok,2020,D/C 2.0 TDi 140CV 4X4 TREND KAROMA 16 HARD WORK 2018,27799000,6
Volkswagen,Amarok,2020,D/C 2.0 TDi 180CV 4X2 COMF 2017,29625000,6
Volkswagen,Amarok,2020,D/C 2.0 TDi 180CV 4X2 COMF AT 2017,31334000,6
Volkswagen,Amarok,2020,D/C 2.0 TDi 180CV 4X2 HIGH 2017,33044000,6
Volkswagen,Amarok,2020,D/C 2.0 TDi 180CV 4X4 COMF 2017,33955000,6
Volkswagen,Amarok,2020,D/C 2.0 TDi 180CV 4X2 HIGH AT 2017,35311000,6
Volkswagen,Amarok,2020,D/C 2.0 TDi 180CV 4X4 COMF AT 2017,36234000,6
Volkswagen,Amarok,2020,D/C 3.0 TDi V6 4X4 COMF AT 224CV,39498000,6
Volkswagen,Amarok,2020,D/C 2.0 TDi 180CV 4X4 HIGH 2017,39880000,6
Volkswagen,Amarok,2020,D/C 3.0 TDi V6 4X4 COMF AT 258CV,39957000,6
Volkswagen,Amarok,2020,D/C 2.0 TDi 180CV 4X4 HIGH AT 2017,42879000,6
Volkswagen,Amarok,2020,D/C 3.0 TDi V6 4X4 8AT HIGH 258CV,47176000,6
Volkswagen,Amarok,2020,D/C 3.0 TDi V6 4X4 8AT 224CV,47300000,6
Volkswagen,Amarok,2020,D/C 3.0 TDi V6 4X4 8AT EXTREME 224CV,49187000,6
Volkswagen,Amarok,2020,D/C 3.0 TDi V6 4X4 8AT EXTREME 258CV,49282000,6
Volkswagen,Amarok,2020,D/C 3.0 TDi V6 4X4 8AT BLACK STYLE 258CV,51062000,6
Volkswagen,Amarok,2021,C/S 2.0 TDi 140CV 4X2 TREND 2017,21761000,5
Volkswagen,Amarok,2021,C/S 2.0 TDi 140CV 4X2 TREND HARD WORK 2018,22063000,5
Volkswagen,Amarok,2021,D/C 2.0 TDi 140CV 4X2 TREND 2017,24393000,5
Volkswagen,Amarok,2021,D/C 2.0 TDi 140CV 4X2 TREND KAROMA 16 2017,24770000,5
Volkswagen,Amarok,2021,D/C 2.0 TDi 140CV 4X2 TREND KAROMA 16 HARD WORK 2018,25061000,5
Volkswagen,Amarok,2021,C/S 2.0 TDi 140CV 4X4 TREND 2017,25959000,5
Volkswagen,Amarok,2021,C/S 2.0 TDi 140CV 4X4 TREND HARD WORK 2018,26210000,5
Volkswagen,Amarok,2021,D/C 2.0 TDi 140CV 4X4 TREND 2017,28574000,5
Volkswagen,Amarok,2021,D/C 2.0 TDi 140CV 4X4 TREND KAROMA 16 2017,28957000,5
Volkswagen,Amarok,2021,D/C 2.0 TDi 140CV 4X4 TREND KAROMA 16 HARD WORK 2018,29189000,5
Volkswagen,Amarok,2021,D/C 2.0 TDi 180CV 4X2 COMF 2017,31107000,5
Volkswagen,Amarok,2021,D/C 2.0 TDi 180CV 4X2 COMF AT 2017,32901000,5
Volkswagen,Amarok,2021,D/C 2.0 TDi 180CV 4X2 HIGH 2017,34696000,5
Volkswagen,Amarok,2021,D/C 2.0 TDi 180CV 4X4 COMF 2017,35653000,5
Volkswagen,Amarok,2021,D/C 2.0 TDi 180CV 4X2 HIGH AT 2017,37076000,5
Volkswagen,Amarok,2021,D/C 2.0 TDi 180CV 4X4 COMF AT 2017,38046000,5
Volkswagen,Amarok,2021,D/C 3.0 TDi V6 4X4 COMF AT 224CV,41473000,5
Volkswagen,Amarok,2021,D/C 2.0 TDi 180CV 4X4 HIGH 2017,41874000,5
Volkswagen,Amarok,2021,D/C 3.0 TDi V6 4X4 COMF AT 258CV,41955000,5
Volkswagen,Amarok,2021,D/C 2.0 TDi 180CV 4X4 HIGH AT 2017,45023000,5
Volkswagen,Amarok,2021,D/C 3.0 TDi V6 4X4 8AT HIGH 258CV,49535000,5
Volkswagen,Amarok,2021,D/C 3.0 TDi V6 4X4 8AT 224CV,49665000,5
Volkswagen,Amarok,2021,D/C 3.0 TDi V6 4X4 8AT EXTREME 224CV,51647000,5
Volkswagen,Amarok,2021,D/C 3.0 TDi V6 4X4 8AT EXTREME 258CV,51746000,5
Volkswagen,Amarok,2021,D/C 3.0 TDi V6 4X4 8AT BLACK STYLE 258CV,53615000,5
Volkswagen,Amarok,2022,D/C 2.0 TDi 140CV 4X2 TREND KAROMA 16 HARD WORK 2018,25836000,4
Volkswagen,Amarok,2022,D/C 2.0 TDi 140CV 4X2 TREND 2023,26611000,4
Volkswagen,Amarok,2022,D/C 2.0 TDi 140CV 4X4 TREND KAROMA 16 HARD WORK 2018,30092000,4
Volkswagen,Amarok,2022,D/C 2.0 TDi 140CV 4X4 TREND 2023,30995000,4
Volkswagen,Amarok,2022,D/C 2.0 TDi 180CV 4X2 COMF 2017,32069000,4
Volkswagen,Amarok,2022,D/C 2.0 TDi 180CV 4X2 COMF 2023,33031000,4
Volkswagen,Amarok,2022,D/C 2.0 TDi 180CV 4X2 COMF AT 2017,33919000,4
Volkswagen,Amarok,2022,D/C 2.0 TDi 180CV 4X2 COMF AT 2023,34936000,4
Volkswagen,Amarok,2022,D/C 2.0 TDi 180CV 4X2 HIGH 2017,35769000,4
Volkswagen,Amarok,2022,D/C 2.0 TDi 180CV 4X4 COMF 2017,36756000,4
Volkswagen,Amarok,2022,D/C 2.0 TDi 180CV 4X2 HIGH 2023,36842000,4
Volkswagen,Amarok,2022,D/C 2.0 TDi 180CV 4X4 COMF 2023,37858000,4
Volkswagen,Amarok,2022,D/C 2.0 TDi 180CV 4X2 HIGH AT 2017,38223000,4
Volkswagen,Amarok,2022,D/C 2.0 TDi 180CV 4X4 COMF AT 2017,39222000,4
Volkswagen,Amarok,2022,D/C 2.0 TDi 180CV 4X2 HIGH AT 2023,39370000,4
Volkswagen,Amarok,2022,D/C 2.0 TDi 180CV 4X4 HIGH 2017,43169000,4
Volkswagen,Amarok,2022,D/C 3.0 TDi V6 4X4 COMF AT 258CV,43253000,4
Volkswagen,Amarok,2022,D/C 2.0 TDi 180CV 4X4 HIGH 2023,44464000,4
Volkswagen,Amarok,2022,D/C 3.0 TDi V6 4X4 COMF AT 258CV 2023,44551000,4
Volkswagen,Amarok,2022,D/C 2.0 TDi 180CV 4X4 HIGH AT 2017,46415000,4
Volkswagen,Amarok,2022,D/C 2.0 TDi 180CV 4X4 HIGH AT 2023,47807000,4
Volkswagen,Amarok,2022,D/C 3.0 TDi V6 4X4 8AT HIGH 258CV,51067000,4
Volkswagen,Amarok,2022,D/C 3.0 TDi V6 4X4 8AT HIGH 258CV 2023,52599000,4
Volkswagen,Amarok,2022,D/C 3.0 TDi V6 4X4 8AT EXTREME 258CV,53347000,4
Volkswagen,Amarok,2022,D/C 3.0 TDi V6 4X4 8AT EXTREME 258CV 2023,54947000,4
Volkswagen,Amarok,2022,D/C 3.0 TDi V6 4X4 8AT BLACK STYLE 258CV,55274000,4
Volkswagen,Amarok,2022,D/C 3.0 TDi V6 4X4 8AT BLACK STYLE 258CV 2023,56932000,4
Volkswagen,Amarok,2023,D/C 2.0 TDi 140CV 4X2 TREND 2023,28474000,3
Volkswagen,Amarok,2023,D/C 2.0 TDi 140CV 4X4 TREND 2023,33165000,3
Volkswagen,Amarok,2023,D/C 2.0 TDi 180CV 4X2 COMF 2023,35343000,3
Volkswagen,Amarok,2023,D/C 2.0 TDi 180CV 4X2 COMF AT 2023,37382000,3
Volkswagen,Amarok,2023,D/C 2.0 TDi 180CV 4X2 HIGH 2023,39421000,3
Volkswagen,Amarok,2023,D/C 2.0 TDi 180CV 4X4 COMF 2023,40508000,3
Volkswagen,Amarok,2023,D/C 2.0 TDi 180CV 4X2 HIGH AT 2023,42126000,3
Volkswagen,Amarok,2023,D/C 3.0 TDi V6 4X4 COMF AT 258CV,46281000,3
Volkswagen,Amarok,2023,D/C 2.0 TDi 180CV 4X4 HIGH 2023,47577000,3
Volkswagen,Amarok,2023,D/C 3.0 TDi V6 4X4 COMF AT 258CV 2023,47669000,3
Volkswagen,Amarok,2023,D/C 2.0 TDi 180CV 4X4 HIGH AT 2023,51154000,3
Volkswagen,Amarok,2023,D/C 3.0 TDi V6 4X4 8AT HIGH 258CV P1,55718000,3
Volkswagen,Amarok,2023,D/C 3.0 TDi V6 4X4 8AT HIGH 258CV 2023,56281000,3
Volkswagen,Amarok,2023,D/C 3.0 TDi V6 4X4 8AT EXTREME 258CV 2023,58794000,3
Volkswagen,Amarok,2023,D/C 3.0 TDi V6 4X4 8AT BLACK STYLE 258CV 2023,60917000,3
Volkswagen,Amarok,2024,D/C 2.0 TDi 140CV 4X2 TREND 2023,29898000,2
Volkswagen,Amarok,2024,D/C 2.0 TDi 140CV 4X4 TREND 2023,34823000,2
Volkswagen,Amarok,2024,D/C 2.0 TDi 180CV 4X2 TREND G2 2025,36974000,2
Volkswagen,Amarok,2024,D/C 2.0 TDi 180CV 4X2 COMF 2023,37110000,2
Volkswagen,Amarok,2024,D/C 2.0 TDi 180CV 4X2 TREND G2 + PACK SAFE 2025,37862000,2
Volkswagen,Amarok,2024,D/C 2.0 TDi 180CV 4X2 COMF AT 2023,39251000,2
Volkswagen,Amarok,2024,D/C 2.0 TDi 180CV 4X2 COMF G2 2025,41025000,2
Volkswagen,Amarok,2024,D/C 2.0 TDi 180CV 4X2 HIGH 2023,41392000,2
Volkswagen,Amarok,2024,D/C 2.0 TDi 180CV 4X2 COMF G2 + PACK SAFE 2025,41913000,2
Volkswagen,Amarok,2024,D/C 2.0 TDi 180CV 4X4 TREND G2 + PACK SAFE 2025,42534000,2
Volkswagen,Amarok,2024,D/C 2.0 TDi 180CV 4X2 HIGH AT 2023,44232000,2
Volkswagen,Amarok,2024,D/C 2.0 TDi 180CV 4X2 COMF G2 AT 2025,44785000,2
Volkswagen,Amarok,2024,D/C 2.0 TDi 180CV 4X2 HIGH G2 2025,45379000,2
Volkswagen,Amarok,2024,D/C 2.0 TDi 180CV 4X2 COMF G2 AT + PACK SAFE 2025,45673000,2
Volkswagen,Amarok,2024,D/C 3.0 TDi V6 4X4 COMF AT 258CV,48595000,2
Volkswagen,Amarok,2024,D/C 2.0 TDi 180CV 4X2 HIGH G2 AT 2025,49809000,2
Volkswagen,Amarok,2024,D/C 2.0 TDi 180CV 4X4 HIGH 2023,49956000,2
Volkswagen,Amarok,2024,D/C 3.0 TDi V6 4X4 COMF AT 258CV 2023,50052000,2
Volkswagen,Amarok,2024,D/C 3.0 TDi V6 4X4 COMF G2 AT 258CV 2025,53176000,2
Volkswagen,Amarok,2024,D/C 2.0 TDi 180CV 4X4 HIGH AT 2023,53712000,2
Volkswagen,Amarok,2024,D/C 3.0 TDi V6 4X4 COMF G2 AT + PACK SAFE 258CV 2025,54064000,2
Volkswagen,Amarok,2024,D/C 3.0 TDi V6 4X4 8AT HIGH 258CV P1,58504000,2
Volkswagen,Amarok,2024,D/C 3.0 TDi V6 4X4 8AT HIGH 258CV 2023,59095000,2
Volkswagen,Amarok,2024,D/C 3.0 TDi V6 4X4 8AT EXTREME 258CV 2023,61733000,2
Volkswagen,Amarok,2024,D/C 3.0 TDi V6 4X4 8AT HIGH G2 258CV 2025,62342000,2
Volkswagen,Amarok,2024,D/C 3.0 TDi V6 4X4 8AT BLACK STYLE 258CV 2023,63963000,2
Volkswagen,Amarok,2024,D/C 3.0 TDi V6 4X4 8AT EXTREME G2 258CV 2025,66534000,2
Volkswagen,Amarok,2024,D/C 3.0 TDi V6 4X4 8AT HERO G2 258CV 2025,66534000,2
Volkswagen,Amarok,2024,D/C 3.0 TDi V6 4X4 8AT BLACK STYLE G2 258CV 2025,66748000,2
Volkswagen,Amarok,2025,D/C 2.0 TDi 180CV 4X2 TREND G2 2025,38822000,1
Volkswagen,Amarok,2025,D/C 2.0 TDi 180CV 4X2 TREND G2 + PACK SAFE 2025,39755000,1
Volkswagen,Amarok,2025,D/C 2.0 TDi 180CV 4X4 TREND G2 2025,42525000,1
Volkswagen,Amarok,2025,D/C 2.0 TDi 180CV 4X2 COMF G2 2025,43076000,1
Volkswagen,Amarok,2025,D/C 2.0 TDi 180CV 4X2 COMF G2 + PACK SAFE 2025,44009000,1
Volkswagen,Amarok,2025,D/C 2.0 TDi 180CV 4X4 TREND G2 + PACK SAFE 2025,44660000,1
Volkswagen,Amarok,2025,D/C 2.0 TDi 180CV 4X2 COMF G2 AT 2025,47024000,1
Volkswagen,Amarok,2025,D/C 2.0 TDi 180CV 4X2 HIGH G2 2025,47648000,1
Volkswagen,Amarok,2025,D/C 2.0 TDi 180CV 4X2 COMF G2 AT + PACK SAFE 2025,47956000,1
Volkswagen,Amarok,2025,D/C 2.0 TDi 180CV 4X2 HIGH G2 AT 2025,52299000,1
Volkswagen,Amarok,2025,D/C 3.0 TDi V6 4X4 COMF G2 AT 258CV 2025,55835000,1
Volkswagen,Amarok,2025,D/C 3.0 TDi V6 4X4 COMF G2 AT + PACK SAFE 258CV 2025,56767000,1
Volkswagen,Amarok,2025,D/C 3.0 TDi V6 4X4 8AT HIGH G2 258CV 2025,65459000,1
Volkswagen,Amarok,2025,D/C 3.0 TDi V6 4X4 8AT EXTREME G2 258CV 2025,69860000,1
Volkswagen,Amarok,2025,D/C 3.0 TDi V6 4X4 8AT HERO G2 258CV 2025,69860000,1
Volkswagen,Amarok,2025,D/C 3.0 TDi V6 4X4 8AT BLACK STYLE G2 258CV 2025,70085000,1
Ford,Ranger,2012,D/C 2.3 N XL 4X2 PLUS,12241000,14
Ford,Ranger,2012,C/S 3.0 D XL 4X2 F-TRUCK,12266000,14
Ford,Ranger,2012,C/S 2.5 NAFTA XL 4X2 2012,12705000,14
Ford,Ranger,2012,C/S 3.0 D XL 4X2 PLUS,13263000,14
Ford,Ranger,2012,D/C 3.0 D XL 4X2,13512000,14
Ford,Ranger,2012,D/C 2.5 NAFTA XL 4X2 2012,13697000,14
Ford,Ranger,2012,C/S 2.2 TD XL 4X2 2012,13853000,14
Ford,Ranger,2012,D/C 3.0 D XL 4X2 PLUS,14192000,14
Ford,Ranger,2012,D/C 2.2 TD XL 4X2 2012,14796000,14
Ford,Ranger,2012,D/C 3.0 D XLS 4X2 PLUS,15122000,14
Ford,Ranger,2012,C/S 3.0 D XL 4X4 PLUS,15455000,14
Ford,Ranger,2012,D/C 2.2 TD XL 4X2 SAFETY 2012,15489000,14
Ford,Ranger,2012,D/C 3.0 D XLT 4X2,16172000,14
Ford,Ranger,2012,D/C 2.2 TD XLS 4X2 2012,16733000,14
Ford,Ranger,2012,C/S 2.2 TD XL 4X4 SAFETY 2012,16830000,14
Ford,Ranger,2012,D/C 3.0 D XL 4X4 PLUS,17160000,14
Ford,Ranger,2012,D/C 3.0 D XLT 4X4 SUPERDUTY,17533000,14
Ford,Ranger,2012,D/C 2.2 TD XL 4X4 SAFETY 2012,17568000,14
Ford,Ranger,2012,D/C 3.2 TDCi XLT 4X2 2012,18436000,14
Ford,Ranger,2012,D/C 3.0 D XLT 4X4,18443000,14
Ford,Ranger,2012,D/C 3.2 TDCi XLS 4X4 2012,19540000,14
Ford,Ranger,2012,D/C 3.0 D XLT 4X4 LTD,20279000,14
Ford,Ranger,2012,D/C 3.2 TDCi XLT 4X4 2012,21159000,14
Ford,Ranger,2012,D/C 3.2 TDCi LIMITED 4X4 2012,24355000,14
Ford,Ranger,2012,D/C 3.2 TDCi LIMITED 4X4 AT 2012,25081000,14
Ford,Ranger,2013,C/S 2.5 NAFTA XL 4X2 2012,12942000,13
Ford,Ranger,2013,D/C 2.5 NAFTA XL 4X2 2012,13953000,13
Ford,Ranger,2013,C/S 2.5 NAFTA XL 4X2 2014,14108000,13
Ford,Ranger,2013,C/S 2.2 TD XL 4X2 2012,14112000,13
Ford,Ranger,2013,C/S 2.2 TD XL 4X2 SAFETY 2014,14590000,13
Ford,Ranger,2013,D/C 2.2 TD XL 4X2 2012,15072000,13
Ford,Ranger,2013,D/C 2.5 NAFTA XL 4X2 SAFETY 2014,15094000,13
Ford,Ranger,2013,D/C 2.2 TD XL 4X2 SAFETY 2012,15777000,13
Ford,Ranger,2013,C/S 2.2 TD XL 4X4 SAFETY 2014,16013000,13
Ford,Ranger,2013,D/C 2.2 TD XL 4X2 SAFETY 2014,16293000,13
Ford,Ranger,2013,D/C 2.2 TD XLS 4X2 2012,17045000,13
Ford,Ranger,2013,C/S 2.2 TD XL 4X4 SAFETY 2012,17143000,13
Ford,Ranger,2013,D/C 2.2 TD XL 4X4 SAFETY 2014,17519000,13
Ford,Ranger,2013,D/C 2.2 TD XL 4X4 SAFETY 2012,17895000,13
Ford,Ranger,2013,D/C 3.2 TDCi XLS 4X2 2014,18329000,13
Ford,Ranger,2013,D/C 3.2 TDCi XLT 4X2 2012,18779000,13
Ford,Ranger,2013,D/C 3.2 TDCi XLT 4X2 2014,19158000,13
Ford,Ranger,2013,D/C 3.2 TDCi XLS 4X4 2012,19904000,13
Ford,Ranger,2013,D/C 3.2 TDCi XLS 4X4 2014,20214000,13
Ford,Ranger,2013,D/C 3.2 TDCi XLT 4X4 2014,21090000,13
Ford,Ranger,2013,D/C 3.2 TDCi XLT 4X4 2012,21553000,13
Ford,Ranger,2013,D/C 3.2 TDCi LIMITED 4X4 2014,24111000,13
Ford,Ranger,2013,D/C 3.2 TDCi LIMITED 4X4 2012,24809000,13
Ford,Ranger,2013,D/C 3.2 TDCi LIMITED 4X4 AT 2012,25548000,13
Ford,Ranger,2013,D/C 3.2 TDCi LIMITED 4X4 AT 2014,25852000,13
Ford,Ranger,2014,C/S 2.5 NAFTA XL 4X2 2014,14943000,12
Ford,Ranger,2014,C/S 2.2 TD XL 4X2 SAFETY 2014,15453000,12
Ford,Ranger,2014,D/C 2.5 NAFTA XL 4X2 SAFETY 2014,15987000,12
Ford,Ranger,2014,C/S 2.2 TD XL 4X4 SAFETY 2014,16960000,12
Ford,Ranger,2014,D/C 2.2 TD XL 4X2 SAFETY 2014,17256000,12
Ford,Ranger,2014,D/C 2.2 TD XL 4X4 SAFETY 2014,18555000,12
Ford,Ranger,2014,D/C 3.2 TDCi XLS 4X2 2014,19413000,12
Ford,Ranger,2014,D/C 3.2 TDCi XLT 4X2 2014,20291000,12
Ford,Ranger,2014,D/C 3.2 TDCi XLS 4X4 2014,21409000,12
Ford,Ranger,2014,D/C 3.2 TDCi XLT 4X4 2014,22337000,12
Ford,Ranger,2014,D/C 3.2 TDCi LIMITED 4X4 2014,25536000,12
Ford,Ranger,2014,D/C 3.2 TDCi LIMITED 4X4 AT 2014,27381000,12
Ford,Ranger,2015,C/S 2.5 NAFTA XL 4X2 2014,15073000,11
Ford,Ranger,2015,C/S 2.2 TD XL 4X2 SAFETY 2014,15378000,11
Ford,Ranger,2015,D/C 2.5 NAFTA XL 4X2 SAFETY 2014,16615000,11
Ford,Ranger,2015,C/S 2.2 TD XL 4X4 SAFETY 2014,17076000,11
Ford,Ranger,2015,D/C 2.2 TD XL 4X2 SAFETY 2014,17670000,11
Ford,Ranger,2015,D/C 2.2 TD XL 4X4 SAFETY 2014,19284000,11
Ford,Ranger,2015,D/C 3.2 TDCi XLS 4X2 2014,20176000,11
Ford,Ranger,2015,D/C 3.2 TDCi XLT 4X2 2014,21089000,11
Ford,Ranger,2015,D/C 3.2 TDCi XLS 4X2 AT 2015,21132000,11
Ford,Ranger,2015,D/C 3.2 TDCi XLT 4X2 AT 2015,21896000,11
Ford,Ranger,2015,D/C 3.2 TDCi XLS 4X4 2014,22251000,11
Ford,Ranger,2015,D/C 3.2 TDCi XLT 4X4 2014,23216000,11
Ford,Ranger,2015,D/C 3.2 TDCi XLT 4X4 AT 2015,25088000,11
Ford,Ranger,2015,D/C 3.2 TDCi LIMITED 4X4 2014,26540000,11
Ford,Ranger,2015,D/C 3.2 TDCi LIMITED 4X4 AT 2014,28457000,11
Ford,Ranger,2016,C/S 2.5 NAFTA XL 4X2 2014,15108000,10
Ford,Ranger,2016,C/S 2.2 TD XL 4X2 SAFETY 2014,15536000,10
Ford,Ranger,2016,C/S 2.5 NAFTA XL 4X2 2016,15641000,10
Ford,Ranger,2016,C/S 2.2 TDCi XL 4X2 2016,16158000,10
Ford,Ranger,2016,D/C 2.5 NAFTA XL 4X2 SAFETY 2014,16786000,10
Ford,Ranger,2016,C/S 2.2 TD XL 4X4 SAFETY 2014,17252000,10
Ford,Ranger,2016,D/C 2.5 NAFTA XL 4X2 2016,17267000,10
Ford,Ranger,2016,D/C 2.2 TD XL 4X2 SAFETY 2014,17851000,10
Ford,Ranger,2016,D/C 2.2 TDCi XL 4X2 2016,18517000,10
Ford,Ranger,2016,D/C 2.2 TD XL 4X4 SAFETY 2014,19483000,10
Ford,Ranger,2016,C/S 2.2 TDCi XL 4X4 2016,19677000,10
Ford,Ranger,2016,D/C 3.2 TDCi XLS 4X2 2014,20384000,10
Ford,Ranger,2016,D/C 3.2 TDCi XLT 4X2 2014,21305000,10
Ford,Ranger,2016,D/C 3.2 TDCi XLS 4X2 AT 2015,21349000,10
Ford,Ranger,2016,D/C 2.2 TDCi XL 4X4 2016,22028000,10
Ford,Ranger,2016,D/C 3.2 TDCi XLT 4X2 AT 2015,22121000,10
Ford,Ranger,2016,D/C 3.2 TDCi XLS 4X4 2014,22480000,10
Ford,Ranger,2016,D/C 3.2 TDCi XLS 4X2 2016,22659000,10
Ford,Ranger,2016,D/C 3.2 TDCi XLT 4X4 2014,23454000,10
Ford,Ranger,2016,D/C 3.2 TDCi XLS 4X2 AT 2016,23536000,10
Ford,Ranger,2016,D/C 3.2 TDCi XLT 4X2 2016,24598000,10
Ford,Ranger,2016,D/C 3.2 TDCi XLT 4X4 AT 2015,25346000,10
Ford,Ranger,2016,D/C 3.2 TDCi XLT 4X2 AT 2016,26052000,10
Ford,Ranger,2016,D/C 3.2 TDCi LIMITED 4X4 2014,26813000,10
Ford,Ranger,2016,D/C 3.2 TDCi XLT 4X4 2016,27623000,10
Ford,Ranger,2016,D/C 3.2 TDCi XLT 4X4 AT 2016,28152000,10
Ford,Ranger,2016,D/C 3.2 TDCi LIMITED 4X4 AT 2014,28750000,10
Ford,Ranger,2016,D/C 3.2 TDCi LIMITED 4X4 2016,29978000,10
Ford,Ranger,2016,D/C 3.2 TDCi LIMITED 4X4 AT 2016,31725000,10
Ford,Ranger,2017,C/S 2.5 NAFTA XL 4X2 2016,16156000,9
Ford,Ranger,2017,C/S 2.2 TDCi XL 4X2 2016,16690000,9
Ford,Ranger,2017,C/S 2.5 NAFTA XL 4X2 2018,17779000,9
Ford,Ranger,2017,D/C 2.5 NAFTA XL 4X2 2016,17835000,9
Ford,Ranger,2017,C/S 2.2 TDCi XL 4X2 2018,18550000,9
Ford,Ranger,2017,D/C 2.2 TDCi XL 4X2 2016,19126000,9
Ford,Ranger,2017,D/C 2.5 NAFTA XL 4X2 2018,19621000,9
Ford,Ranger,2017,C/S 2.2 TDCi XL 4X4 2016,20324000,9
Ford,Ranger,2017,D/C 2.5 NAFTA XLT 4X2 2018,20768000,9
Ford,Ranger,2017,D/C 2.2 TDCi XL 4X2 2018,21262000,9
Ford,Ranger,2017,C/S 2.2 TDCi XL 4X4 2018,22590000,9
Ford,Ranger,2017,D/C 2.2 TDCi XL 4X4 2016,22752000,9
Ford,Ranger,2017,D/C 3.2 TDCi XLS 4X2 2016,23404000,9
Ford,Ranger,2017,D/C 3.2 TDCi XLS 4X2 2018,23449000,9
Ford,Ranger,2017,D/C 3.2 TDCi XLS 4X2 AT 2016,24311000,9
Ford,Ranger,2017,D/C 3.2 TDCi XLS 4X2 AT 2018,24359000,9
Ford,Ranger,2017,D/C 2.2 TDCi XL 4X4 2018,25285000,9
Ford,Ranger,2017,D/C 3.2 TDCi XLT 4X2 2016,25407000,9
Ford,Ranger,2017,D/C 3.2 TDCi XLS 4X4 2018,26730000,9
Ford,Ranger,2017,D/C 3.2 TDCi XLT 4X2 AT 2016,26909000,9
Ford,Ranger,2017,D/C 3.2 TDCi XLT 4X2 2018,27961000,9
Ford,Ranger,2017,D/C 3.2 TDCi XLT 4X4 2016,28532000,9
Ford,Ranger,2017,D/C 3.2 TDCi XLT 4X4 AT 2016,29078000,9
Ford,Ranger,2017,D/C 3.2 TDCi XLT 4X2 AT 2018,29586000,9
Ford,Ranger,2017,D/C 3.2 TDCi XLT 4X4 2018,29823000,9
Ford,Ranger,2017,D/C 3.2 TDCi XLT 4X4 AT 2018,30397000,9
Ford,Ranger,2017,D/C 3.2 TDCi LIMITED 4X4 2016,30964000,9
Ford,Ranger,2017,D/C 3.2 TDCi LIMITED 4X4 2018,32369000,9
Ford,Ranger,2017,D/C 3.2 TDCi LIMITED 4X4 AT 2016,32769000,9
Ford,Ranger,2017,D/C 3.2 TDCi LIMITED 4X4 AT 2018,34254000,9
Ford,Ranger,2018,C/S 2.5 NAFTA XL 4X2 2018,18131000,8
Ford,Ranger,2018,C/S 2.2 TDCi XL 4X2 2018,18917000,8
Ford,Ranger,2018,C/S 2.5 NAFTA XL 4X2 5MT 2019,19257000,8
Ford,Ranger,2018,D/C 2.5 NAFTA XL 4X2 2018,20009000,8
Ford,Ranger,2018,D/C 2.5 NAFTA XL 4X2 5MT 2019,20217000,8
Ford,Ranger,2018,D/C 2.5 NAFTA XLT 4X2 2018,21178000,8
Ford,Ranger,2018,C/S 2.2 TDCi XL 4X2 6MT 2019,21626000,8
Ford,Ranger,2018,D/C 2.2 TDCi XL 4X2 2018,21682000,8
Ford,Ranger,2018,D/C 2.2 TDCi XL 4X2 6MT 2019,21695000,8
Ford,Ranger,2018,C/S 2.2 TDCi XL 4X4 2018,23036000,8
Ford,Ranger,2018,D/C 2.5 NAFTA XLT 4X2 5MT 2019,23160000,8
Ford,Ranger,2018,C/S 2.2 TDCi XL 4X4 6MT 2019,23519000,8
Ford,Ranger,2018,D/C 3.2 TDCi XLS 4X2 6MT 2019,23805000,8
Ford,Ranger,2018,D/C 3.2 TDCi XLS 4X2 2018,23912000,8
Ford,Ranger,2018,D/C 3.2 TDCi XLS 4X2 AT 2018,24840000,8
Ford,Ranger,2018,D/C 2.2 TDCi XL 4X4 6MT 2019,24881000,8
Ford,Ranger,2018,D/C 3.2 TDCi XLS 4X2 6AT 2019,25399000,8
Ford,Ranger,2018,D/C 2.2 TDCi XL 4X4 2018,25785000,8
Ford,Ranger,2018,D/C 3.2 TDCi XLT 4X2 6MT 2019,26881000,8
Ford,Ranger,2018,D/C 3.2 TDCi XLS 4X4 6MT 2019,26991000,8
Ford,Ranger,2018,D/C 3.2 TDCi XLS 4X4 2018,27258000,8
Ford,Ranger,2018,D/C 3.2 TDCi XLT 4X2 2018,28514000,8
Ford,Ranger,2018,D/C 3.2 TDCi XLT 4X2 6AT 2019,29636000,8
Ford,Ranger,2018,D/C 3.2 TDCi XLT 4X4 6MT 2019,30070000,8
Ford,Ranger,2018,D/C 3.2 TDCi XLT 4X2 AT 2018,30171000,8
Ford,Ranger,2018,D/C 3.2 TDCi XLT 4X4 2018,30412000,8
Ford,Ranger,2018,D/C 3.2 TDCi XLT 4X4 AT 2018,30998000,8
Ford,Ranger,2018,D/C 3.2 TDCi XLT 4X4 6AT 2019,31664000,8
Ford,Ranger,2018,D/C 3.2 TDCi LIMITED 4X4 2018,33008000,8
Ford,Ranger,2018,D/C 3.2 TDCi LIMITED 4X4 6MT 2019,33928000,8
Ford,Ranger,2018,D/C 3.2 TDCi LIMITED 4X4 AT 2018,34931000,8
Ford,Ranger,2018,D/C 3.2 TDCi LIMITED 4X4 6AT 2019,36996000,8
Ford,Ranger,2018,D/C 3.2 TDCi BLACK EDITION 4X4 6AT 2019,36996000,8
Ford,Ranger,2019,C/S 2.5 NAFTA XL 4X2 5MT 2019,19893000,7
Ford,Ranger,2019,C/S 2.5 NAFTA XL 4X2 5MT 2020,20808000,7
Ford,Ranger,2019,D/C 2.5 NAFTA XL 4X2 5MT 2019,20885000,7
Ford,Ranger,2019,D/C 2.5 NAFTA XL 4X2 5MT 2020,21760000,7
Ford,Ranger,2019,C/S 2.2 TDCi XL 4X2 6MT 2019,22340000,7
Ford,Ranger,2019,D/C 2.2 TDCi XL 4X2 6MT 2019,22412000,7
Ford,Ranger,2019,C/S 2.2 TDCi XL 4X2 6MT 2020,23310000,7
Ford,Ranger,2019,D/C 2.5 NAFTA XLT 4X2 5MT 2019,23925000,7
Ford,Ranger,2019,C/S 2.2 TDCi XL 4X4 6MT 2019,24296000,7
Ford,Ranger,2019,D/C 3.2 TDCi XLS 4X2 6MT 2019,24591000,7
Ford,Ranger,2019,D/C 2.2 TDCi XL 4X2 6MT 2020,24746000,7
Ford,Ranger,2019,C/S 2.2 TDCi XL 4X4 6MT 2020,24837000,7
Ford,Ranger,2019,D/C 2.5 NAFTA XLT 4X2 5MT 2020,25085000,7
Ford,Ranger,2019,D/C 2.2 TDCi XL 4X4 6MT 2019,25703000,7
Ford,Ranger,2019,D/C 3.2 TDCi XLS 4X2 6AT 2019,26238000,7
Ford,Ranger,2019,D/C 3.2 TDCi XLS 4X2 6MT 2020,27026000,7
Ford,Ranger,2019,D/C 3.2 TDCi XLS 4X2 6AT 2020,27423000,7
Ford,Ranger,2019,D/C 2.2 TDCi XL 4X4 6MT 2020,27486000,7
Ford,Ranger,2019,D/C 3.2 TDCi XLT 4X2 6MT 2019,27769000,7
Ford,Ranger,2019,D/C 3.2 TDCi XLS 4X4 6MT 2019,27882000,7
Ford,Ranger,2019,D/C 3.2 TDCi XLS 4X4 6MT 2020,28922000,7
Ford,Ranger,2019,D/C 3.2 TDCi XLT 4X2 6MT 2020,29670000,7
Ford,Ranger,2019,D/C 3.2 TDCi XLT 4X2 6AT 2019,30615000,7
Ford,Ranger,2019,D/C 3.2 TDCi XLT 4X4 6MT 2019,31063000,7
Ford,Ranger,2019,D/C 3.2 TDCi XLT 4X2 6AT 2020,31510000,7
Ford,Ranger,2019,D/C 3.2 TDCi XLT 4X4 6AT 2019,32710000,7
Ford,Ranger,2019,D/C 3.2 TDCi XLT 4X4 6MT 2020,32944000,7
Ford,Ranger,2019,D/C 3.2 TDCi XLT 4X4 6AT 2020,34681000,7
Ford,Ranger,2019,D/C 3.2 TDCi LIMITED 4X4 6MT 2019,35049000,7
Ford,Ranger,2019,D/C 3.2 TDCi LIMITED 4X4 6MT 2020,37629000,7
Ford,Ranger,2019,D/C 3.2 TDCi LIMITED 4X4 6AT 2019,38218000,7
Ford,Ranger,2019,D/C 3.2 TDCi BLACK EDITION 4X4 6AT 2019,38218000,7
Ford,Ranger,2019,D/C 3.2 TDCi LIMITED 4X4 6AT 2020,39300000,7
Ford,Ranger,2019,D/C 3.2 TDCi BLACK EDITION 4X4 6AT 2020,39709000,7
Ford,Ranger,2019,D/C 2.0 T PANTHER RAPTOR 2019,63401000,7
Ford,Ranger,2020,C/S 2.5 NAFTA XL 4X2 5MT 2020,21029000,6
Ford,Ranger,2020,D/C 2.5 NAFTA XL 4X2 5MT 2020,21992000,6
Ford,Ranger,2020,C/S 2.2 TDCi XL 4X2 6MT 2020,23558000,6
Ford,Ranger,2020,D/C 2.2 TDCi XL 4X2 6MT 2020,25010000,6
Ford,Ranger,2020,C/S 2.2 TDCi XL 4X4 6MT 2020,25101000,6
Ford,Ranger,2020,D/C 2.5 NAFTA XLT 4X2 5MT 2020,25352000,6
Ford,Ranger,2020,D/C 3.2 TDCi XLS 4X2 6MT 2020,27314000,6
Ford,Ranger,2020,D/C 3.2 TDCi XLS 4X2 6AT 2020,27715000,6
Ford,Ranger,2020,D/C 2.2 TDCi XL 4X4 6MT 2020,27779000,6
Ford,Ranger,2020,D/C 3.2 TDCi XLS 4X4 6MT 2020,29230000,6
Ford,Ranger,2020,D/C 3.2 TDCi XLT 4X2 6MT 2020,29986000,6
Ford,Ranger,2020,D/C 3.2 TDCi XLT 4X2 6AT 2020,31846000,6
Ford,Ranger,2020,D/C 3.2 TDCi XLT 4X4 6MT 2020,33295000,6
Ford,Ranger,2020,D/C 3.2 TDCi XLT 4X4 6AT 2020,35050000,6
Ford,Ranger,2020,D/C 3.2 TDCi LIMITED 4X4 6MT 2020,38029000,6
Ford,Ranger,2020,D/C 3.2 TDCi LIMITED 4X4 6AT 2020,39718000,6
Ford,Ranger,2020,D/C 3.2 TDCi BLACK EDITION 4X4 6AT 2020,40132000,6
Ford,Ranger,2020,D/C 2.0 T PANTHER RAPTOR 2019,66645000,6
Ford,Ranger,2020,D/C 2.0 T PANTHER RAPTOR 2020,67089000,6
Ford,Ranger,2021,C/S 2.5 NAFTA XL 4X2 5MT 2020,21864000,5
Ford,Ranger,2021,D/C 2.5 NAFTA XL 4X2 5MT 2020,22865000,5
Ford,Ranger,2021,C/S 2.2 TDCi XL 4X2 6MT 2020,24493000,5
Ford,Ranger,2021,D/C 2.2 TDCi XL 4X2 6MT 2020,25679000,5
Ford,Ranger,2021,C/S 2.2 TDCi XL 4X4 6MT 2020,26098000,5
Ford,Ranger,2021,D/C 2.5 NAFTA XLT 4X2 5MT 2020,26358000,5
Ford,Ranger,2021,D/C 3.2 TDCi XLS 4X2 6MT 2020,28398000,5
Ford,Ranger,2021,D/C 3.2 TDCi XLS 4X2 6AT 2020,28815000,5
Ford,Ranger,2021,D/C 2.2 TDCi XL 4X4 6MT 2020,28882000,5
Ford,Ranger,2021,D/C 3.2 TDCi XLS 4X4 6MT 2020,30391000,5
Ford,Ranger,2021,D/C 3.2 TDCi XLT 4X2 6MT 2020,31176000,5
Ford,Ranger,2021,D/C 2.2 TDCi XLT 4X2 6AT 2021,31625000,5
Ford,Ranger,2021,D/C 3.2 TDCi XLT 4X2 6AT 2020,33110000,5
Ford,Ranger,2021,D/C 3.2 TDCi XLT 4X4 6MT 2020,34617000,5
Ford,Ranger,2021,D/C 3.2 TDCi XLT 4X4 6AT 2020,36442000,5
Ford,Ranger,2021,D/C 3.2 TDCi LIMITED 4X4 6MT 2020,39539000,5
Ford,Ranger,2021,D/C 3.2 TDCi LIMITED 4X4 6AT 2020,41296000,5
Ford,Ranger,2021,D/C 3.2 TDCi BLACK EDITION 4X4 6AT 2020,41725000,5
Ford,Ranger,2021,D/C 2.0 T PANTHER RAPTOR 2020,69753000,5
Ford,Ranger,2022,C/S 2.5 NAFTA XL 4X2 5MT 2020,22957000,4
Ford,Ranger,2022,D/C 2.5 NAFTA XL 4X2 5MT 2020,24009000,4
Ford,Ranger,2022,C/S 2.2 TDCi XL 4X2 6MT 2020,25718000,4
Ford,Ranger,2022,D/C 2.2 TDCi XL 4X2 6MT 2020,26963000,4
Ford,Ranger,2022,C/S 2.2 TDCi XL 4X4 6MT 2020,27403000,4
Ford,Ranger,2022,D/C 2.5 NAFTA XLT 4X2 5MT 2020,27676000,4
Ford,Ranger,2022,D/C 3.2 TDCi XLS 4X2 6MT 2020,29818000,4
Ford,Ranger,2022,D/C 3.2 TDCi XLS 4X2 6AT 2020,30256000,4
Ford,Ranger,2022,D/C 2.2 TDCi XL 4X4 6MT 2020,30326000,4
Ford,Ranger,2022,D/C 3.2 TDCi XLS 4X4 6MT 2020,31910000,4
Ford,Ranger,2022,D/C 3.2 TDCi XLT 4X2 6MT 2020,32735000,4
Ford,Ranger,2022,D/C 2.2 TDCi XLT 4X2 6AT 2021,33206000,4
Ford,Ranger,2022,D/C 3.2 TDCi XLT 4X2 6AT 2020,34765000,4
Ford,Ranger,2022,D/C 3.2 TDCi XLT 4X4 6MT 2020,36348000,4
Ford,Ranger,2022,D/C 3.2 TDCi XLT 4X4 6AT 2020,38264000,4
Ford,Ranger,2022,D/C 3.2 TDCi FX4 4X4 6AT 2022,39873000,4
Ford,Ranger,2022,D/C 3.2 TDCi LIMITED 4X4 6MT 2020,41516000,4
Ford,Ranger,2022,D/C 3.2 TDCi LIMITED 4X4 6AT 2020,43360000,4
Ford,Ranger,2022,D/C 3.2 TDCi BLACK EDITION 4X4 6AT 2020,43812000,4
Ford,Ranger,2022,D/C 2.0 T PANTHER RAPTOR 2020,73241000,4
Ford,Ranger,2023,C/S 2.5 NAFTA XL 4X2 5MT 2020,25534000,3
Ford,Ranger,2023,D/C 2.5 NAFTA XL 4X2 5MT 2020,26704000,3
Ford,Ranger,2023,C/S 2.2 TDCi XL 4X2 6MT 2020,28605000,3
Ford,Ranger,2023,D/C 2.2 TDCi XL 4X2 6MT 2020,29990000,3
Ford,Ranger,2023,C/S 2.2 TDCi XL 4X4 6MT 2020,30479000,3
Ford,Ranger,2023,D/C 2.5 NAFTA XLT 4X2 5MT 2020,30783000,3
Ford,Ranger,2023,D/C 2.0 TD XL 4X2 6MT 2023,33097000,3
Ford,Ranger,2023,D/C 3.2 TDCi XLS 4X2 6MT 2020,33165000,3
Ford,Ranger,2023,D/C 3.2 TDCi XLS 4X2 6AT 2020,33653000,3
Ford,Ranger,2023,D/C 2.2 TDCi XL 4X4 6MT 2020,33730000,3
Ford,Ranger,2023,D/C 2.0 TD XL 4X4 6MT 2023,35265000,3
Ford,Ranger,2023,D/C 3.2 TDCi XLS 4X4 6MT 2020,35493000,3
Ford,Ranger,2023,D/C 3.2 TDCi XLT 4X2 6MT 2020,36410000,3
Ford,Ranger,2023,D/C 2.2 TDCi XLT 4X2 6AT 2021,36934000,3
Ford,Ranger,2023,D/C 2.0 TD XLS 4X2 6MT 2023,38373000,3
Ford,Ranger,2023,D/C 3.2 TDCi XLT 4X2 6AT 2020,38668000,3
Ford,Ranger,2023,D/C 3.2 TDCi XLT 4X4 6MT 2020,40428000,3
Ford,Ranger,2023,D/C 3.2 TDCi XLT 4X4 6AT 2020,42560000,3
Ford,Ranger,2023,D/C 3.2 TDCi FX4 4X4 6AT 2022,44350000,3
Ford,Ranger,2023,D/C 3.2 TDCi LIMITED 4X4 6MT 2020,46177000,3
Ford,Ranger,2023,D/C 2.0 BI TD XLT 4X2 10AT 2023,47223000,3
Ford,Ranger,2023,D/C 3.2 TDCi LIMITED 4X4 6AT 2020,48228000,3
Ford,Ranger,2023,D/C 3.2 TDCi BLACK EDITION 4X4 6AT 2020,48730000,3
Ford,Ranger,2023,D/C 3.0 TD V6 LION XLS 4X4 10AT 2023,48960000,3
Ford,Ranger,2023,D/C 2.0 BI TD XLT 4X4 10AT 2023,53469000,3
Ford,Ranger,2023,D/C 2.0 BI TD LTD 4X4 10AT 2022,59463000,3
Ford,Ranger,2023,D/C 3.0 TD V6 LION LTD + 4X4 10AT 2023,66043000,3
Ford,Ranger,2023,D/C 2.0 T PANTHER RAPTOR 2020,81463000,3
Ford,Ranger,2023,D/C 3.0 T V6 RAPTOR 2023,83518000,3
Ford,Ranger,2024,D/C 2.0 TD XL 4X2 6MT 2023,34476000,2
Ford,Ranger,2024,D/C 2.0 TD XL 4X4 6MT 2023,36735000,2
Ford,Ranger,2024,D/C 2.0 TD XLS 4X2 6MT 2023,39972000,2
Ford,Ranger,2024,D/C 2.0 BI TD XLT 4X2 10AT 2023,49191000,2
Ford,Ranger,2024,D/C 2.0 BI TD BLACK 4X4 6MT,49191000,2
Ford,Ranger,2024,D/C 3.0 TD V6 LION XLS 4X4 10AT 2023,51000000,2
Ford,Ranger,2024,D/C 2.0 BI TD XLT 4X4 10AT 2023,55697000,2
Ford,Ranger,2024,D/C 2.0 BI TD LTD 4X4 10AT 2022,61941000,2
Ford,Ranger,2024,D/C 3.0 TD V6 LION LTD + 4X4 10AT 2023,68795000,2
Ford,Ranger,2024,D/C 3.0 T V6 RAPTOR 2023,86998000,2
Ford,Ranger,2025,D/C 2.0 TD XL 4X2 6MT 2023,36200000,1
Ford,Ranger,2025,D/C 2.0 TD XL 4X4 6MT 2023,38571000,1
Ford,Ranger,2025,D/C 2.0 TD XLS 4X2 6MT 2023,41971000,1
Ford,Ranger,2025,D/C 2.0 BI TD XLT 4X2 10AT 2023,51650000,1
Ford,Ranger,2025,D/C 2.0 BI TD BLACK 4X4 6MT,51650000,1
Ford,Ranger,2025,D/C 3.0 TD V6 LION XLS 4X4 10AT 2023,53550000,1
Ford,Ranger,2025,D/C 2.0 BI TD XLT 4X4 10AT 2023,58482000,1
Ford,Ranger,2025,D/C 2.0 BI TD LTD 4X4 10AT 2022,65038000,1
Ford,Ranger,2025,D/C 3.0 TD V6 LION LTD + 4X4 10AT 2023,72234000,1
Ford,Ranger,2025,D/C 3.0 T V6 RAPTOR 2023,91348000,1
Nissan,Frontier,2012,D/C 2.5 TDi 4X4 LE,17419000,14
Nissan,Frontier,2012,D/C 2.5 TDi 4X4 LE CRO,18147000,14
Nissan,Frontier,2012,D/C 2.5 TDi 4X4 LE CRO AT,18874000,14
Nissan,Frontier,2013,D/C 2.5 TDi 4X4 LE,17760000,13
Nissan,Frontier,2013,D/C 2.5 TDi 4X4 LE 6MT,18338000,13
Nissan,Frontier,2013,D/C 2.5 TDi 4X4 LE CRO,18501000,13
Nissan,Frontier,2013,D/C 2.5 TDi 4X4 LE 6MT PACK PREMIUM,19013000,13
Nissan,Frontier,2013,D/C 2.5 TDi 4X4 LE CRO AT,19243000,13
Nissan,Frontier,2013,D/C 2.5 TDi 4X4 LE AT ATTACK,19775000,13
Nissan,Frontier,2014,D/C 2.5 TDi 4X4 LE 6MT,19422000,12
Nissan,Frontier,2014,D/C 2.5 TDi 4X4 LE 6MT PACK PREMIUM,20137000,12
Nissan,Frontier,2014,D/C 2.5 TDi 4X4 LE AT ATTACK,20944000,12
Nissan,Frontier,2015,D/C 2.5 TDi 4X4 LE 6MT,21184000,11
Nissan,Frontier,2015,D/C 2.5 TDi 4X4 LE 6MT PACK PREMIUM,21963000,11
Nissan,Frontier,2015,D/C 2.5 TDi 4X4 LE AT ATTACK,22843000,11
Nissan,Frontier,2018,D/C 2.3 TD 4X2 SE PLUS MT,21397000,8
Nissan,Frontier,2018,D/C 2.3 TD 4X2 XE MT,23733000,8
Nissan,Frontier,2018,D/C 2.3 TD 4X4 XE MT,27570000,8
Nissan,Frontier,2018,D/C 2.3 TD 4X2 LE MT,28042000,8
Nissan,Frontier,2018,D/C 2.3 TD 4X4 LE MT,31147000,8
Nissan,Frontier,2018,D/C 2.3 TD 4X4 LE AT,34262000,8
Nissan,Frontier,2019,D/C 2.3 TD 4X2 S MT,21382000,7
Nissan,Frontier,2019,D/C 2.3 TD 4X2 SE MT,23956000,7
Nissan,Frontier,2019,D/C 2.3 TD 4X4 S MT,24888000,7
Nissan,Frontier,2019,D/C 2.3 TD 4X2 XE MT,25398000,7
Nissan,Frontier,2019,D/C 2.3 TD 4X4 SE MT,27710000,7
Nissan,Frontier,2019,D/C 2.3 TD 4X4 XE MT,29505000,7
Nissan,Frontier,2019,D/C 2.3 TD 4X2 LE MT,30010000,7
Nissan,Frontier,2019,D/C 2.3 TD 4X4 LE MT,33333000,7
Nissan,Frontier,2019,D/C 2.3 TD 4X4 LE AT,36667000,7
Nissan,Frontier,2020,D/C 2.3 TD 4X2 S MT,22457000,6
Nissan,Frontier,2020,D/C 2.3 TD 4X2 SE MT,25160000,6
Nissan,Frontier,2020,D/C 2.3 TD 4X4 S MT,26140000,6
Nissan,Frontier,2020,D/C 2.3 TD 4X2 XE MT,26675000,6
Nissan,Frontier,2020,D/C 2.3 TD 4X2 X-GEAR 7AT,26911000,6
Nissan,Frontier,2020,D/C 2.3 TD 4X4 SE MT,29103000,6
Nissan,Frontier,2020,D/C 2.3 TD 4X4 X-GEAR 7AT,30835000,6
Nissan,Frontier,2020,D/C 2.3 TD 4X4 XE MT,30988000,6
Nissan,Frontier,2020,D/C 2.3 TD 4X2 LE MT,31519000,6
Nissan,Frontier,2020,D/C 2.3 TD 4X4 LE MT,35009000,6
Nissan,Frontier,2020,D/C 2.3 TD 4X4 LE AT,38510000,6
Nissan,Frontier,2021,D/C 2.3 TD 4X2 S MT,23580000,5
Nissan,Frontier,2021,D/C 2.3 TD 4X2 SE MT,26418000,5
Nissan,Frontier,2021,D/C 2.3 TD 4X4 S MT,27447000,5
Nissan,Frontier,2021,D/C 2.3 TD 4X2 XE MT,28009000,5
Nissan,Frontier,2021,D/C 2.3 TD 4X2 X-GEAR 7AT,28256000,5
Nissan,Frontier,2021,D/C 2.3 TD 4X4 SE MT,30559000,5
Nissan,Frontier,2021,D/C 2.3 TD 4X4 X-GEAR 7AT,32185000,5
Nissan,Frontier,2021,D/C 2.3 TD 4X4 XE MT,32538000,5
Nissan,Frontier,2021,D/C 2.3 TD 4X2 LE MT,33095000,5
Nissan,Frontier,2021,D/C 2.3 TD 4X4 LE MT,36760000,5
Nissan,Frontier,2021,D/C 2.3 TD 4X4 LE AT,40435000,5
Nissan,Frontier,2021,D/C 2.3 TD 4X4 X-GEAR PLUS 7AT,40887000,5
Nissan,Frontier,2022,D/C 2.3 TD 4X2 S MT,24287000,4
Nissan,Frontier,2022,D/C 2.3 TD 4X2 S MT 160CV,25277000,4
Nissan,Frontier,2022,D/C 2.3 TD 4X2 S AT 190CV,26784000,4
Nissan,Frontier,2022,D/C 2.3 TD 4X2 SE MT,27211000,4
Nissan,Frontier,2022,D/C 2.3 TD 4X4 S MT,28270000,4
Nissan,Frontier,2022,D/C 2.3 TD 4X4 S MT 160CV,28327000,4
Nissan,Frontier,2022,D/C 2.3 TD 4X2 XE MT,28849000,4
Nissan,Frontier,2022,D/C 2.3 TD 4X2 X-GEAR 7AT,29104000,4
Nissan,Frontier,2022,D/C 2.3 TD 4X4 SE MT,31475000,4
Nissan,Frontier,2022,D/C 2.3 TD 4X4 X-GEAR 7AT,33151000,4
Nissan,Frontier,2022,D/C 2.3 TD 4X2 XE MT 160CV,33382000,4
Nissan,Frontier,2022,D/C 2.3 TD 4X4 XE MT,33514000,4
Nissan,Frontier,2022,D/C 2.3 TD 4X2 LE MT,34088000,4
Nissan,Frontier,2022,D/C 2.3 TD 4X2 XE AT 190CV,35733000,4
Nissan,Frontier,2022,D/C 2.3 TD 4X4 X-GEAR AT 190CV,36422000,4
Nissan,Frontier,2022,D/C 2.3 TD 4X4 XE MT 190CV,37501000,4
Nissan,Frontier,2022,D/C 2.3 TD 4X4 LE MT,37863000,4
Nissan,Frontier,2022,D/C 2.3 TD 4X2 PLATINUM AT 190CV,40435000,4
Nissan,Frontier,2022,D/C 2.3 TD 4X4 LE AT,41649000,4
Nissan,Frontier,2022,D/C 2.3 TD 4X4 X-GEAR PLUS 7AT,42114000,4
Nissan,Frontier,2022,D/C 2.3 TD 4X4 PLATINUM AT 190CV,44881000,4
Nissan,Frontier,2022,D/C 2.3 TD 4X4 PRO-4X AT 190CV,47467000,4
Nissan,Frontier,2023,D/C 2.3 TD 4X2 S MT 160CV,28030000,3
Nissan,Frontier,2023,D/C 2.3 TD 4X2 S AT 190CV,29701000,3
Nissan,Frontier,2023,D/C 2.3 TD 4X4 S MT 160CV,31412000,3
Nissan,Frontier,2023,D/C 2.3 TD 4X2 XE MT 160CV,37018000,3
Nissan,Frontier,2023,D/C 2.3 TD 4X2 XE AT 190CV,39626000,3
Nissan,Frontier,2023,D/C 2.3 TD 4X4 X-GEAR AT 190CV,40390000,3
Nissan,Frontier,2023,D/C 2.3 TD 4X4 XE MT 190CV,41585000,3
Nissan,Frontier,2023,D/C 2.3 TD 4X2 PLATINUM AT 190CV,44839000,3
Nissan,Frontier,2023,D/C 2.3 TD 4X4 PLATINUM AT 190CV,49769000,3
Nissan,Frontier,2023,D/C 2.3 TD 4X4 PRO-4X AT 190CV,52637000,3
Nissan,Frontier,2024,D/C 2.3 TD 4X2 S MT 160CV,29505000,2
Nissan,Frontier,2024,D/C 2.3 TD 4X2 S AT 190CV,31264000,2
Nissan,Frontier,2024,D/C 2.3 TD 4X4 S MT 160CV,33066000,2
Nissan,Frontier,2024,D/C 2.3 TD 4X2 XE MT 160CV,38967000,2
Nissan,Frontier,2024,D/C 2.3 TD 4X4 X-GEAR AT 190CV 2024,41711000,2
Nissan,Frontier,2024,D/C 2.3 TD 4X2 XE AT 190CV,41711000,2
Nissan,Frontier,2024,D/C 2.3 TD 4X4 X-GEAR AT 190CV,42515000,2
Nissan,Frontier,2024,D/C 2.3 TD 4X4 XE MT 190CV,43774000,2
Nissan,Frontier,2024,D/C 2.3 TD 4X2 PLATINUM AT 190CV,47199000,2
Nissan,Frontier,2024,D/C 2.3 TD 4X4 PLATINUM AT 190CV,52389000,2
Nissan,Frontier,2024,D/C 2.3 TD 4X4 PRO-4X AT 190CV,55407000,2
Nissan,Frontier,2025,D/C 2.3 TD 4X2 S MT 160CV,31058000,1
Nissan,Frontier,2025,D/C 2.3 TD 4X2 S AT 190CV,32910000,1
Nissan,Frontier,2025,D/C 2.3 TD 4X4 S MT 160CV,34806000,1
Nissan,Frontier,2025,D/C 2.3 TD 4X2 XE MT 160CV,41018000,1
Nissan,Frontier,2025,D/C 2.3 TD 4X4 X-GEAR AT 190CV 2024,43907000,1
Nissan,Frontier,2025,D/C 2.3 TD 4X2 XE AT 190CV,43907000,1
Nissan,Frontier,2025,D/C 2.3 TD 4X4 X-GEAR AT 190CV,44753000,1
Nissan,Frontier,2025,D/C 2.3 TD 4X4 XE MT 190CV,46078000,1
Nissan,Frontier,2025,D/C 2.3 TD 4X2 PLATINUM AT 190CV,49683000,1
Nissan,Frontier,2025,D/C 2.3 TD 4X4 PLATINUM AT 190CV,55146000,1
Nissan,Frontier,2025,D/C 2.3 TD 4X4 PRO-4X AT 190CV,58324000,1
Renault,Kangoo,2012,FURGON 1.6 CONF 2 1PLC,7848000,14
Renault,Kangoo,2012,FURGON 1.6 CONF 2 1PLC A/C DH,8810000,14
Renault,Kangoo,2012,FURGON 1.5 CONF dCi 2 DH SVT 1PLC,9038000,14
Renault,Kangoo,2012,FURGON 1.6 CONF 2 2PLC A/C DH SVT,9665000,14
Renault,Kangoo,2012,FURGON 1.5 CONF dCi 2 DH 1PLC A/C,9848000,14
Renault,Kangoo,2012,BREAK 1.6 2 AUTH A/C DH CD,10116000,14
Renault,Kangoo,2012,FURGON 1.5 GRAN CONF dCi 2PLC,10544000,14
Renault,Kangoo,2012,FURGON 1.5 CONF dCi 2 DH 2PLC A/C,10645000,14
Renault,Kangoo,2012,BREAK 1.6 2 AUTH A/C DH CD 2PLC PLUS,10939000,14
Renault,Kangoo,2012,BREAK 1.6 2 CAMPUS 2PLC,11167000,14
Renault,Kangoo,2012,BREAK 1.6 2 GET UP 2PLC,11167000,14
Renault,Kangoo,2012,BREAK 1.6 2 AUTH A/C DH CD 2PLC PLUS 7A,11344000,14
Renault,Kangoo,2012,BREAK 1.5 DCI 2 AUTH A/C DH CD,11420000,14
Renault,Kangoo,2012,BREAK 1.6 2 GET UP 2PLC 7A,11546000,14
Renault,Kangoo,2012,BREAK 1.6 2 CAMPUS 2PLC 7A,11584000,14
Renault,Kangoo,2012,BREAK 1.6 2 SPORTWAY 2PLC,11610000,14
Renault,Kangoo,2012,BREAK 1.5 DCI 2 AUTH A/C DH CD 2PLC PLUS,12217000,14
Renault,Kangoo,2012,BREAK 1.5 DCI 2 CAMPUS 2PLC,12483000,14
Renault,Kangoo,2012,BREAK 1.5 DCI 2 GET UP 2PLC,12483000,14
Renault,Kangoo,2012,BREAK 1.5 DCI 2 SPORTWAY 2PLC,13002000,14
Renault,Kangoo,2013,FURGON 1.6 CONF 2 1PLC,8083000,13
Renault,Kangoo,2013,FURGON 1.6 PH3 GENERIQUE,8392000,13
Renault,Kangoo,2013,FURGON 1.6 CONF 2 1PLC A/C DH,9073000,13
Renault,Kangoo,2013,FURGON 1.5 CONF dCi 2 DH SVT 1PLC,9308000,13
Renault,Kangoo,2013,FURGON 1.6 PH3 CONF 1PLC,9441000,13
Renault,Kangoo,2013,FURGON 1.6 PH3 GRAN CONF 2PLC,9791000,13
Renault,Kangoo,2013,FURGON 1.6 CONF 2 2PLC A/C DH SVT,9954000,13
Renault,Kangoo,2013,FURGON 1.6 PH3 CONF 2PLC 5A,10141000,13
Renault,Kangoo,2013,FURGON 1.5 CONF dCi 2 DH 1PLC A/C,10142000,13
Renault,Kangoo,2013,FURGON 1.5 CONF dCi 1PLC PH3,10257000,13
Renault,Kangoo,2013,BREAK 1.6 2 AUTH A/C DH CD,10418000,13
Renault,Kangoo,2013,BREAK 1.6 AUTH 1PLC PH3,10535000,13
Renault,Kangoo,2013,FURGON 1.5 GRAN CONF dCi 2PLC,10859000,13
Renault,Kangoo,2013,FURGON 1.5 CONF dCi 2 DH 2PLC A/C,10964000,13
Renault,Kangoo,2013,FURGON 1.5 CONF dCi 2PLC PH3 5A,11131000,13
Renault,Kangoo,2013,BREAK 1.6 2 AUTH A/C DH CD 2PLC PLUS,11266000,13
Renault,Kangoo,2013,BREAK 1.6 AUTH 2PLC PH3 PLUS,11384000,13
Renault,Kangoo,2013,BREAK 1.6 2 AUTH A/C DH CD 2PLC PLUS 7A,11683000,13
Renault,Kangoo,2013,BREAK 1.5 DCI 2 AUTH A/C DH CD,11761000,13
Renault,Kangoo,2013,BREAK 1.6 AUTH 2PLC PH3 PLUS 7A,11769000,13
Renault,Kangoo,2013,BREAK 1.6 2 SPORTWAY 2PLC,11957000,13
Renault,Kangoo,2013,BREAK 1.6 2 SPORTWAY 2PLC PH3,12074000,13
Renault,Kangoo,2013,BREAK 1.6 2 SPORTWAY 2PLC 7A,12335000,13
Renault,Kangoo,2013,BREAK 1.5 DCI 2 AUTH A/C DH CD 2PLC PLUS,12583000,13
Renault,Kangoo,2013,BREAK 1.5 DCI 2 SPORTWAY 2PLC,13391000,13
Renault,Kangoo,2014,FURGON 1.6 CONF 2 1PLC,8561000,12
Renault,Kangoo,2014,FURGON 1.6 PH3 GENERIQUE,8888000,12
Renault,Kangoo,2014,FURGON 1.5 CONF dCi 2 DH 1PLC,9568000,12
Renault,Kangoo,2014,FURGON 1.6 CONF 2 1PLC A/C DH,9610000,12
Renault,Kangoo,2014,FURGON 1.5 CONF dCi 2 DH SVT 1PLC,9858000,12
Renault,Kangoo,2014,FURGON 1.6 PH3 CONF 1PLC,9999000,12
Renault,Kangoo,2014,FURGON 1.6 PH3 GRAN CONF 2PLC,10370000,12
Renault,Kangoo,2014,FURGON 1.6 CONF 2 2PLC A/C DH SVT,10542000,12
Renault,Kangoo,2014,FURGON 1.6 PH3 CONF 2PLC 5A,10740000,12
Renault,Kangoo,2014,FURGON 1.5 CONF dCi 2 DH 1PLC A/C,10742000,12
Renault,Kangoo,2014,FURGON 1.5 CONF dCi 1PLC PH3,10864000,12
Renault,Kangoo,2014,BREAK 1.6 2 AUTH A/C DH CD,11034000,12
Renault,Kangoo,2014,BREAK 1.6 AUTH 1PLC PH3,11158000,12
Renault,Kangoo,2014,FURGON 1.5 GRAN CONF dCi 2PLC,11502000,12
Renault,Kangoo,2014,FURGON 1.5 CONF dCi 2 DH 2PLC A/C,11612000,12
Renault,Kangoo,2014,FURGON 1.5 CONF dCi 2PLC PH3 5A,11789000,12
Renault,Kangoo,2014,BREAK 1.6 2 AUTH A/C DH CD 2PLC PLUS,11932000,12
Renault,Kangoo,2014,BREAK 1.6 AUTH 2PLC PH3 PLUS,12057000,12
Renault,Kangoo,2014,BREAK 1.6 2 AUTH A/C DH CD 2PLC PLUS 7A,12374000,12
Renault,Kangoo,2014,BREAK 1.5 DCI 2 AUTH A/C DH CD,12457000,12
Renault,Kangoo,2014,BREAK 1.6 AUTH 2PLC PH3 PLUS 7A,12465000,12
Renault,Kangoo,2014,BREAK 1.6 2 SPORTWAY 2PLC,12664000,12
Renault,Kangoo,2014,BREAK 1.6 2 SPORTWAY 2PLC PH3,12788000,12
Renault,Kangoo,2014,BREAK 1.6 2 SPORTWAY 2PLC 7A,13064000,12
Renault,Kangoo,2014,BREAK 1.5 DCI 2 AUTH A/C DH CD 2PLC PLUS,13327000,12
Renault,Kangoo,2014,BREAK 1.5 DCI 2 SPORTWAY 2PLC,14183000,12
Renault,Kangoo,2015,FURGON 1.6 CONF 2 1PLC,9144000,11
Renault,Kangoo,2015,FURGON 1.6 PH3 GENERIQUE,9495000,11
Renault,Kangoo,2015,FURGON 1.5 CONF dCi 2 DH 1PLC,10221000,11
Renault,Kangoo,2015,FURGON 1.6 CONF 2 1PLC A/C DH,10265000,11
Renault,Kangoo,2015,FURGON 1.5 CONF dCi 2 DH SVT 1PLC,10531000,11
Renault,Kangoo,2015,FURGON 1.6 PH3 CONF 1PLC,10681000,11
Renault,Kangoo,2015,FURGON 1.6 PH3 GRAN CONF 2PLC,11077000,11
Renault,Kangoo,2015,FURGON 1.6 CONF 2 2PLC A/C DH SVT,11261000,11
Renault,Kangoo,2015,FURGON 1.6 PH3 CONF 2PLC 5A,11473000,11
Renault,Kangoo,2015,FURGON 1.5 CONF dCi 2 DH 1PLC A/C,11475000,11
Renault,Kangoo,2015,FURGON 1.5 CONF dCi 1PLC PH3,11604000,11
Renault,Kangoo,2015,BREAK 1.6 2 AUTH A/C DH CD,11787000,11
Renault,Kangoo,2015,BREAK 1.6 AUTH 1PLC PH3,11919000,11
Renault,Kangoo,2015,FURGON 1.5 GRAN CONF dCi 2PLC,12286000,11
Renault,Kangoo,2015,FURGON 1.5 CONF dCi 2 DH 2PLC A/C,12404000,11
Renault,Kangoo,2015,FURGON 1.5 CONF dCi 2PLC PH3 5A,12593000,11
Renault,Kangoo,2015,BREAK 1.6 2 AUTH A/C DH CD 2PLC PLUS,12746000,11
Renault,Kangoo,2015,BREAK 1.6 AUTH 2PLC PH3 PLUS,12880000,11
Renault,Kangoo,2015,BREAK 1.6 2 AUTH A/C DH CD 2PLC PLUS 7A,13218000,11
Renault,Kangoo,2015,BREAK 1.5 DCI 2 AUTH A/C DH CD,13306000,11
Renault,Kangoo,2015,BREAK 1.6 AUTH 2PLC PH3 PLUS 7A,13315000,11
Renault,Kangoo,2015,BREAK 1.6 2 SPORTWAY 2PLC,13527000,11
Renault,Kangoo,2015,BREAK 1.6 2 SPORTWAY 2PLC PH3,13661000,11
Renault,Kangoo,2015,BREAK 1.6 2 SPORTWAY 2PLC 7A,13955000,11
Renault,Kangoo,2015,BREAK 1.5 DCI 2 AUTH A/C DH CD 2PLC PLUS,14235000,11
Renault,Kangoo,2015,BREAK 1.5 DCI 2 SPORTWAY 2PLC,15150000,11
Renault,Kangoo,2016,FURGON 1.6 PH3 CONF 1PLC,11308000,10
Renault,Kangoo,2016,FURGON 1.6 PH3 GRAN CONF 2PLC,11726000,10
Renault,Kangoo,2016,FURGON 1.6 PH3 CONF 2PLC 5A,12145000,10
Renault,Kangoo,2016,FURGON 1.5 CONF dCi 1PLC PH3,12285000,10
Renault,Kangoo,2016,BREAK 1.6 AUTH 1PLC PH3,12618000,10
Renault,Kangoo,2016,FURGON 1.5 CONF dCi 2PLC PH3 5A,13332000,10
Renault,Kangoo,2016,BREAK 1.6 AUTH 2PLC PH3 PLUS,13635000,10
Renault,Kangoo,2016,BREAK 1.6 2 SPORTWAY 2PLC PH3,14462000,10
Renault,Kangoo,2017,FURGON 1.6 PH3 CONF 1PLC,11973000,9
Renault,Kangoo,2017,FURGON 1.6 PH3 GRAN CONF 2PLC,12417000,9
Renault,Kangoo,2017,FURGON 1.6 PH3 CONF 2PLC 5A,12860000,9
Renault,Kangoo,2017,FURGON 1.5 CONF dCi 1PLC PH3,13008000,9
Renault,Kangoo,2017,FURGON 1.6 PH3 CONF 2PLC 5A PACK,13203000,9
Renault,Kangoo,2017,BREAK 1.6 AUTH 1PLC PH3,13361000,9
Renault,Kangoo,2017,FURGON 1.5 CONF dCi 2PLC PH3 5A,14117000,9
Renault,Kangoo,2017,BREAK 1.6 AUTH 2PLC PH3 PLUS,14437000,9
Renault,Kangoo,2017,BREAK 1.6 2 SPORTWAY 2PLC PH3,15313000,9
Renault,Kangoo,2018,FURGON 1.6 PH3 CONF 1PLC,13033000,8
Renault,Kangoo,2018,FURGON 1.6 PH3 GRAN CONF 2PLC,13516000,8
Renault,Kangoo,2018,FURGON 1.6 PH3 CONF 2PLC 5A,13999000,8
Renault,Kangoo,2018,FURGON 1.5 CONF dCi 1PLC PH3,14160000,8
Renault,Kangoo,2018,FURGON 1.6 PH3 CONF 2PLC 5A PACK,14371000,8
Renault,Kangoo,2018,BREAK 1.6 AUTH 1PLC PH3,14544000,8
Renault,Kangoo,2018,FURGON 1.5 CONF dCi 2PLC PH3 5A,15367000,8
Renault,Kangoo,2018,BREAK 1.6 AUTH 2PLC PH3 PLUS,15716000,8
Renault,Kangoo,2018,BREAK 1.6 2 SPORTWAY 2PLC PH3,16669000,8
Renault,Kangoo,2018,FURGON 1.6 SCe PROFESIONAL,15267000,8
Renault,Kangoo,2018,FURGON 1.6 SCe CONFORT,15820000,8
Renault,Kangoo,2018,FURGON 1.6 SCe EMOTION,16945000,8
Renault,Kangoo,2018,FURGON 1.5 dCi CONFORT,17012000,8
Renault,Kangoo,2018,FURGON 1.6 SCe CONFORT 5A,17281000,8
Renault,Kangoo,2018,FURGON 1.6 SCe EMOTION 5A,18089000,8
Renault,Kangoo,2018,FURGON 1.5 dCi CONFORT 5A,18484000,8
Renault,Kangoo,2019,FURGON 1.6 SCe PROFESIONAL,16768000,7
Renault,Kangoo,2019,FURGON 1.6 SCe CONFORT,17376000,7
Renault,Kangoo,2019,FURGON 1.6 SCe EMOTION,18610000,7
Renault,Kangoo,2019,FURGON 1.5 dCi CONFORT,18685000,7
Renault,Kangoo,2019,FURGON 1.6 SCe CONFORT 5A,18980000,7
Renault,Kangoo,2019,FURGON 1.6 SCe EMOTION 5A,19867000,7
Renault,Kangoo,2019,FURGON 1.5 dCi CONFORT 5A,20301000,7
Renault,Kangoo,2019,FURGON ZE 2A,23909000,7
Renault,Kangoo,2019,FURGON ZE MAXI 2A,24532000,7
Renault,Kangoo,2020,FURGON 1.6 SCe PROFESIONAL,17650000,6
Renault,Kangoo,2020,FURGON 1.6 SCe CONFORT,18290000,6
Renault,Kangoo,2020,FURGON 1.6 SCe EMOTION,19590000,6
Renault,Kangoo,2020,FURGON 1.5 dCi CONFORT,19668000,6
Renault,Kangoo,2020,FURGON 1.6 SCe CONFORT 5A,19978000,6
Renault,Kangoo,2020,FURGON 1.6 SCe EMOTION 5A,20912000,6
Renault,Kangoo,2020,FURGON 1.5 dCi CONFORT 5A,21370000,6
Renault,Kangoo,2020,FURGON ZE 2A,25167000,6
Renault,Kangoo,2020,FURGON ZE MAXI 2A,25823000,6
Renault,Kangoo,2021,FURGON 1.6 SCe PROFESIONAL,18533000,5
Renault,Kangoo,2021,FURGON 1.6 SCe CONFORT,19205000,5
Renault,Kangoo,2021,FURGON 1.6 SCe EMOTION,20569000,5
Renault,Kangoo,2021,FURGON 1.5 dCi CONFORT,20652000,5
Renault,Kangoo,2021,FURGON 1.6 SCe CONFORT 5A,20977000,5
Renault,Kangoo,2021,FURGON 1.6 SCe EMOTION 5A,21958000,5
Renault,Kangoo,2021,FURGON 1.5 dCi CONFORT 5A,22438000,5
Renault,Kangoo,2021,FURGON ZE 2A,26425000,5
Renault,Kangoo,2021,FURGON ZE MAXI 2A,27115000,5
Renault,Kangoo,2022,FURGON 1.6 SCe CONFORT,20477000,4
Renault,Kangoo,2022,FURGON 1.6 SCe CONFORT STD,21091000,4
Renault,Kangoo,2022,FURGON 1.5 dCi CONFORT,22018000,4
Renault,Kangoo,2022,FURGON 1.6 SCe EMOTION,22024000,4
Renault,Kangoo,2022,FURGON 1.6 SCe CONFORT 5A,22628000,4
Renault,Kangoo,2022,FURGON 1.5 dCi CONFORT STD,22679000,4
Renault,Kangoo,2022,FURGON 1.6 SCe CONFORT STD 5A,23307000,4
Renault,Kangoo,2022,FURGON 1.6 SCe EMOTION 5A,23862000,4
Renault,Kangoo,2022,FURGON 1.5 dCi CONFORT 5A,24185000,4
Renault,Kangoo,2022,FURGON 1.5 dCi CONFORT STD 5A,24910000,4
Renault,Kangoo,2022,FURGON ZE 2A,29353000,4
Renault,Kangoo,2022,FURGON ZE MAXI 2A,29758000,4
Renault,Kangoo,2023,FURGON 1.6 SCe CONFORT STD,22568000,3
Renault,Kangoo,2023,FURGON 1.6 SCe EMOTION,23566000,3
Renault,Kangoo,2023,FURGON 1.5 dCi CONFORT STD,24266000,3
Renault,Kangoo,2023,FURGON 1.6 SCe CONFORT STD 5A,24938000,3
Renault,Kangoo,2023,FURGON 1.6 SCe EMOTION 5A,25533000,3
Renault,Kangoo,2023,FURGON 1.5 dCi CONFORT STD 5A,26654000,3
Renault,Kangoo,2023,FURGON ZE 2A,31408000,3
Renault,Kangoo,2023,FURGON ZE MAXI 2A,31841000,3
Renault,Kangoo,2024,FURGON 1.6 SCe CONFORT STD,23696000,2
Renault,Kangoo,2024,FURGON 1.6 SCe CONFORT 114,24881000,2
Renault,Kangoo,2024,FURGON 1.5 dCi CONFORT STD,25479000,2
Renault,Kangoo,2024,FURGON 1.6 SCe CONFORT STD 5A,26185000,2
Renault,Kangoo,2024,FURGON 1.5 dCi CONFORT 89,26753000,2
Renault,Kangoo,2024,FURGON 1.6 SCe CONFORT GNC,26976000,2
Renault,Kangoo,2024,FURGON 1.6 SCe CONFORT 114 5A,27494000,2
Renault,Kangoo,2024,FURGON 1.5 dCi CONFORT STD 5A,27986000,2
Renault,Kangoo,2024,FURGON 1.5 dCi CONFORT 89 5A,29327000,2
Renault,Kangoo,2024,FURGON ZE 2A,32978000,2
Renault,Kangoo,2024,FURGON ZE MAXI 2A,33433000,2
Renault,Kangoo,2024,FURGON E-TECH,35104000,2
Renault,Kangoo,2025,FURGON 1.6 SCe CONFORT STD,24943000,1
Renault,Kangoo,2025,FURGON 1.6 SCe CONFORT 114,26190000,1
Renault,Kangoo,2025,FURGON 1.5 dCi CONFORT STD,26820000,1
Renault,Kangoo,2025,FURGON 1.6 SCe CONFORT STD 5A,27563000,1
Renault,Kangoo,2025,FURGON 1.5 dCi CONFORT 89,28161000,1
Renault,Kangoo,2025,FURGON 1.6 SCe CONFORT GNC,28396000,1
Renault,Kangoo,2025,FURGON 1.6 SCe CONFORT 114 5A,28941000,1
Renault,Kangoo,2025,FURGON 1.5 dCi CONFORT STD 5A,29459000,1
Renault,Kangoo,2025,FURGON 1.5 dCi CONFORT 89 5A,30870000,1
Renault,Kangoo,2025,FURGON E-TECH 2025,36952000,1
Renault,Kangoo,2018,1.6 SCe LIFE,17278000,8
Renault,Kangoo,2018,1.6 SCe ZEN,18134000,8
Renault,Kangoo,2018,1.6 SCe STEPWAY,18980000,8
Renault,Kangoo,2018,1.5 dCi STEPWAY,19552000,8
Renault,Kangoo,2019,1.6 SCe LIFE,18977000,7
Renault,Kangoo,2019,1.6 SCe ZEN,19917000,7
Renault,Kangoo,2019,1.6 SCe STEPWAY,20846000,7
Renault,Kangoo,2019,1.5 dCi STEPWAY,21474000,7
Renault,Kangoo,2020,1.6 SCe LIFE,19975000,6
Renault,Kangoo,2020,1.6 SCe ZEN,20965000,6
Renault,Kangoo,2020,1.6 SCe STEPWAY,21943000,6
Renault,Kangoo,2020,1.5 dCi STEPWAY,22605000,6
Renault,Kangoo,2021,1.6 SCe LIFE,20974000,5
Renault,Kangoo,2021,1.6 SCe ZEN,22014000,5
Renault,Kangoo,2021,1.6 SCe STEPWAY,23040000,5
Renault,Kangoo,2021,1.5 dCi STEPWAY,23735000,5
Renault,Kangoo,2022,1.6 SCe LIFE,22078000,4
Renault,Kangoo,2022,1.6 SCe ZEN,23172000,4
Renault,Kangoo,2022,1.6 SCe STEPWAY,24253000,4
Renault,Kangoo,2022,1.5 dCi STEPWAY,24984000,4
Renault,Kangoo,2023,1.6 SCe LIFE,23624000,3
Renault,Kangoo,2023,1.6 SCe ZEN,24794000,3
Renault,Kangoo,2023,1.6 SCe STEPWAY,25951000,3
Renault,Kangoo,2023,1.5 dCi STEPWAY,26733000,3
Renault,Kangoo,2024,1.6 SCe LIFE,24867000,2
Renault,Kangoo,2024,1.6 SCe ZEN,26099000,2
Renault,Kangoo,2024,1.6 SCe STEPWAY,27317000,2
Renault,Kangoo,2024,1.6 SCe ZEN 2024,27404000,2
Renault,Kangoo,2024,1.5 dCi STEPWAY,28140000,2
Renault,Kangoo,2024,1.6 SCe STEPWAY 2024,28682000,2
Renault,Kangoo,2024,1.5 dCi STEPWAY 2024,29547000,2
Renault,Kangoo,2025,1.6 SCe ZEN 2024,28774000,1
Renault,Kangoo,2025,1.6 SCe STEPWAY 2024,30117000,1
Renault,Kangoo,2025,1.5 dCi STEPWAY 2024,31024000,1
Volkswagen,Gol,2012,5P 1.6,8476000,14
Volkswagen,Gol,2012,5P 1.6 GP SERIE,8736000,14
Volkswagen,Gol,2012,5P 1.6 PACK I,9350000,14
Volkswagen,Gol,2012,5P 1.6 PACK I PLUS,9620000,14
Volkswagen,Gol,2012,5P 1.6 GP PACK I,9773000,14
Volkswagen,Gol,2012,5P 1.6 GP PACK II,10225000,14
Volkswagen,Gol,2012,5P 1.6 PACK I PLUS I MOTION,10292000,14
Volkswagen,Gol,2012,5P 1.6 PACK III,10292000,14
Volkswagen,Gol,2012,5P 1.6 PACK III ABS,10427000,14
Volkswagen,Gol,2012,5P 1.6 GP PACK III,10696000,14
Volkswagen,Gol,2012,5P 1.6 PACK III I MOTION,11099000,14
Volkswagen,Gol,2012,5P 1.6 GP PACK III I MOTTION,11369000,14
Volkswagen,Gol,2013,3P 1.6 GP SERIE,8497000,13
Volkswagen,Gol,2013,3P 1.6 GP SERIE ABG ABS 2014,8824000,13
Volkswagen,Gol,2013,5P 1.6 GP SERIE,8824000,13
Volkswagen,Gol,2013,5P 1.6 GP SERIE ABG ABS 2014,9477000,13
Volkswagen,Gol,2013,3P 1.6 GP PACK I 2014,9804000,13
Volkswagen,Gol,2013,5P 1.6 GP PACK I,9804000,13
Volkswagen,Gol,2013,3P 1.6 GP PACK I ABG ABS 2014,10131000,13
Volkswagen,Gol,2013,5P 1.6 GP PACK II,10261000,13
Volkswagen,Gol,2013,5P 1.6 PACK III,10327000,13
Volkswagen,Gol,2013,5P 1.6 PACK III ABS,10458000,13
Volkswagen,Gol,2013,5P 1.6 GP PACK I 2014,10458000,13
Volkswagen,Gol,2013,3P 1.6 GP PACK II 2014,10588000,13
Volkswagen,Gol,2013,5P 1.6 GP PACK III,10719000,13
Volkswagen,Gol,2013,5P 1.6 GP PACK I ABG ABS 2014,10784000,13
Volkswagen,Gol,2013,3P 1.6 GP PACK III 2014,11046000,13
Volkswagen,Gol,2013,5P 1.6 PACK III I MOTION,11111000,13
Volkswagen,Gol,2013,5P 1.6 GP PACK II 2014,11242000,13
Volkswagen,Gol,2013,5P 1.6 GP PACK III I MOTTION,11373000,13
Volkswagen,Gol,2013,5P 1.6 GP PACK III 2014,11699000,13
Volkswagen,Gol,2013,5P 1.6 GP PACK III I MOTTION 2014,12353000,13
Volkswagen,Gol,2014,3P 1.6 GP SERIE ABG ABS 2014,8973000,12
Volkswagen,Gol,2014,5P 1.6 GP SERIE ABG ABS 2014,9614000,12
Volkswagen,Gol,2014,3P 1.6 GP PACK I 2014,9935000,12
Volkswagen,Gol,2014,3P 1.6 SERIE 2015,9935000,12
Volkswagen,Gol,2014,3P 1.6 GP PACK I ABG ABS 2014,10255000,12
Volkswagen,Gol,2014,5P 1.6 GP PACK I 2014,10576000,12
Volkswagen,Gol,2014,3P 1.6 GP PACK II 2014,10704000,12
Volkswagen,Gol,2014,3P 1.6 TRENDLINE 2015,10741000,12
Volkswagen,Gol,2014,5P 1.6 GP PACK I ABG ABS 2014,10896000,12
Volkswagen,Gol,2014,3P 1.6 GP PACK III 2014,11153000,12
Volkswagen,Gol,2014,5P 1.6 GP PACK II 2014,11345000,12
Volkswagen,Gol,2014,5P 1.6 GP PACK III 2014,11794000,12
Volkswagen,Gol,2014,5P 1.6 GP PACK III I MOTTION 2014,12435000,12
Volkswagen,Gol,2014,3P 1.6 HIGHLINE 2015,12787000,12
Volkswagen,Gol,2015,5P 1.6 GP SERIE ABG ABS 2014,9992000,11
Volkswagen,Gol,2015,3P 1.6 SERIE 2015,10055000,11
Volkswagen,Gol,2015,5P 1.6 SERIE 2015,10353000,11
Volkswagen,Gol,2015,3P 1.6 TRENDLINE 2015,10824000,11
Volkswagen,Gol,2015,5P 1.6 GP PACK I 2014,10992000,11
Volkswagen,Gol,2015,5P 1.6 GP PACK I ABG ABS 2014,11325000,11
Volkswagen,Gol,2015,5P 1.6 TRENDLINE 2015,11637000,11
Volkswagen,Gol,2015,5P 1.6 GP PACK II 2014,11791000,11
Volkswagen,Gol,2015,5P 1.6 GP PACK III 2014,12257000,11
Volkswagen,Gol,2015,5P 1.6 SPORTLINE 2015,12484000,11
Volkswagen,Gol,2015,3P 1.6 HIGHLINE 2015,12836000,11
Volkswagen,Gol,2015,5P 1.6 GP PACK III I MOTTION 2014,12924000,11
Volkswagen,Gol,2015,5P 1.6 HIGHLINE 2015,13702000,11
Volkswagen,Gol,2015,5P 1.6 GP CUP 2015,13702000,11
Volkswagen,Gol,2015,5P 1.6 HIGHLINE I MOTTION 2015,14615000,11
Volkswagen,Gol,2016,3P 1.6 SERIE 2015,10360000,10
Volkswagen,Gol,2016,5P 1.6 SERIE 2015,10666000,10
Volkswagen,Gol,2016,3P 1.6 SERIE 2017,11012000,10
Volkswagen,Gol,2016,3P 1.6 TRENDLINE 2015,11152000,10
Volkswagen,Gol,2016,5P 1.6 SERIE 2017,11718000,10
Volkswagen,Gol,2016,3P 1.6 TRENDLINE 2017,11889000,10
Volkswagen,Gol,2016,5P 1.6 TRENDLINE 2015,11990000,10
Volkswagen,Gol,2016,5P 1.6 TRENDLINE 2017,12595000,10
Volkswagen,Gol,2016,5P 1.6 SPORTLINE 2015,12862000,10
Volkswagen,Gol,2016,3P 1.6 HIGHLINE 2015,13225000,10
Volkswagen,Gol,2016,5P 1.6 HIGHLINE 2015,14116000,10
Volkswagen,Gol,2016,5P 1.6 GP CUP 2015,14116000,10
Volkswagen,Gol,2016,5P 1.6 SPORTLINE 2017,14190000,10
Volkswagen,Gol,2016,5P 1.6 COMF 2017,14367000,10
Volkswagen,Gol,2016,5P 1.6 CONNECT 2017,14367000,10
Volkswagen,Gol,2016,5P 1.6 HIGHLINE I MOTTION 2015,15058000,10
Volkswagen,Gol,2016,5P 1.6 HIGHLINE 2017,15420000,10
Volkswagen,Gol,2016,5P 1.6 HIGHLINE I MOTTION 2017,15420000,10
Volkswagen,Gol,2017,3P 1.6 SERIE 2017,11557000,9
Volkswagen,Gol,2017,5P 1.6 SERIE 2017,12299000,9
Volkswagen,Gol,2017,3P 1.6 TRENDLINE 2017,12478000,9
Volkswagen,Gol,2017,5P 1.6 TRENDLINE 2017,13219000,9
Volkswagen,Gol,2017,5P 1.6 SPORTLINE 2017,14893000,9
Volkswagen,Gol,2017,5P 1.6 COMF 2017,15078000,9
Volkswagen,Gol,2017,5P 1.6 CONNECT 2017,15078000,9
Volkswagen,Gol,2017,5P 1.6 HIGHLINE 2017,16184000,9
Volkswagen,Gol,2017,5P 1.6 HIGHLINE I MOTTION 2017,16184000,9
Volkswagen,Gol,2018,3P 1.6 SERIE 2017,12132000,8
Volkswagen,Gol,2018,5P 1.6 SERIE 2017,12910000,8
Volkswagen,Gol,2018,3P 1.6 TRENDLINE 2017,13098000,8
Volkswagen,Gol,2018,5P 1.6 TRENDLINE 2017,13876000,8
Volkswagen,Gol,2018,5P 1.6 SPORTLINE 2017,15633000,8
Volkswagen,Gol,2018,5P 1.6 COMF 2017,15828000,8
Volkswagen,Gol,2018,5P 1.6 CONNECT 2017,15828000,8
Volkswagen,Gol,2018,5P 1.6 HIGHLINE 2017,16988000,8
Volkswagen,Gol,2018,5P 1.6 HIGHLINE I MOTTION 2017,16988000,8
Volkswagen,Gol,2019,3P 1.6 SERIE 2017,12975000,7
Volkswagen,Gol,2019,5P 1.6 SERIE 2017,13807000,7
Volkswagen,Gol,2019,3P 1.6 TRENDLINE 2017,14008000,7
Volkswagen,Gol,2019,5P 1.6 TRENDLINE 2017,14841000,7
Volkswagen,Gol,2019,5P 1.6 TRENDLINE 2019,15532000,7
Volkswagen,Gol,2019,5P 1.6 SPORTLINE 2017,16720000,7
Volkswagen,Gol,2019,5P 1.6 COMF 2019,16720000,7
Volkswagen,Gol,2019,5P 1.6 COMF 2017,16928000,7
Volkswagen,Gol,2019,5P 1.6 CONNECT 2017,16928000,7
Volkswagen,Gol,2019,5P 1.6 COMF TIPT 2019,17054000,7
Volkswagen,Gol,2019,5P 1.6 HIGHLINE 2017,18169000,7
Volkswagen,Gol,2020,5P 1.6 TRENDLINE 2019,16610000,6
Volkswagen,Gol,2020,5P 1.6 TRENDLINE TIPT 2020,16942000,6
Volkswagen,Gol,2020,5P 1.6 COMF 2019,17880000,6
Volkswagen,Gol,2020,5P 1.6 COMF TIPT 2019,18238000,6
Volkswagen,Gol,2021,5P 1.6 TRENDLINE 2019,18387000,5
Volkswagen,Gol,2021,5P 1.6 TRENDLINE TIPT 2020,18755000,5
Volkswagen,Gol,2021,5P 1.6 COMF 2019,19793000,5
Volkswagen,Gol,2021,5P 1.6 COMF TIPT 2019,20189000,5
Volkswagen,Gol,2022,5P 1.6 TRENDLINE 2019,19306000,4
Volkswagen,Gol,2022,5P 1.6 TRENDLINE TIPT 2020,19692000,4
Ford,EcoSport,2012,5P 1.4 TDCI XL PLUS,10719000,14
Ford,EcoSport,2012,5P 1.6 XL PLUS,11176000,14
Ford,EcoSport,2012,5P 1.4 TDCI XLS,11528000,14
Ford,EcoSport,2012,5P 1.6 XLS,11964000,14
Ford,EcoSport,2012,5P 2.0 XLS,12521000,14
Ford,EcoSport,2012,5P 2.0 XLT PLUS CRO,13288000,14
Ford,EcoSport,2012,5P 2.0 XLT PLUS CRO AT,13496000,14
Ford,EcoSport,2012,5P 2.0 XLT 4X4 PLUS CRO,13737000,14
Ford,EcoSport,2013,5P 1.6 S,12807000,13
Ford,EcoSport,2013,5P 1.5 TDCI S,13056000,13
Ford,EcoSport,2013,5P 1.6 SE,13314000,13
Ford,EcoSport,2013,5P 1.5 TDCI SE,13573000,13
Ford,EcoSport,2013,5P 1.6 FREESTYLE,13796000,13
Ford,EcoSport,2013,5P 2.0 SE,14086000,13
Ford,EcoSport,2013,5P 1.6 TITANIUM,14955000,13
Ford,EcoSport,2013,5P 2.0 TITANIUM,15309000,13
Ford,EcoSport,2013,5P 2.0 TITANIUM AT,16404000,13
Ford,EcoSport,2013,5P 2.0 FREESTYLE 4WD,16448000,13
Ford,EcoSport,2014,5P 1.6 S,13232000,12
Ford,EcoSport,2014,5P 1.5 TDCI S,13489000,12
Ford,EcoSport,2014,5P 1.6 SE,13701000,12
Ford,EcoSport,2014,5P 1.5 TDCI SE,13967000,12
Ford,EcoSport,2014,5P 1.6 FREESTYLE,14154000,12
Ford,EcoSport,2014,5P 2.0 SE,14439000,12
Ford,EcoSport,2014,5P 1.6 TITANIUM,15291000,12
Ford,EcoSport,2014,5P 2.0 TITANIUM,15607000,12
Ford,EcoSport,2014,5P 2.0 TITANIUM AT,16712000,12
Ford,EcoSport,2014,5P 2.0 FREESTYLE 4WD,16739000,12
Ford,EcoSport,2015,5P 1.6 S,14053000,11
Ford,EcoSport,2015,5P 1.5 TDCI S,14326000,11
Ford,EcoSport,2015,5P 1.6 SE,14522000,11
Ford,EcoSport,2015,5P 1.5 TDCI SE,14804000,11
Ford,EcoSport,2015,5P 1.6 FREESTYLE,14952000,11
Ford,EcoSport,2015,5P 2.0 SE,15236000,11
Ford,EcoSport,2015,5P 1.6 TITANIUM,16089000,11
Ford,EcoSport,2015,5P 2.0 TITANIUM,16364000,11
Ford,EcoSport,2015,5P 2.0 TITANIUM AT,17510000,11
Ford,EcoSport,2015,5P 2.0 FREESTYLE 4WD,17542000,11
Ford,EcoSport,2016,5P 1.6 S,15510000,10
Ford,EcoSport,2016,5P 1.5 TDCI S,15812000,10
Ford,EcoSport,2016,5P 1.6 SE,15993000,10
Ford,EcoSport,2016,5P 1.5 TDCI SE,16304000,10
Ford,EcoSport,2016,5P 1.6 FREESTYLE,16406000,10
Ford,EcoSport,2016,5P 2.0 SE,16699000,10
Ford,EcoSport,2016,5P 1.6 TITANIUM,17578000,10
Ford,EcoSport,2016,5P 2.0 TITANIUM,17813000,10
Ford,EcoSport,2016,5P 2.0 TITANIUM AT,19043000,10
Ford,EcoSport,2016,5P 2.0 FREESTYLE 4WD,19072000,10
Ford,EcoSport,2017,5P 1.6 S,16585000,9
Ford,EcoSport,2017,5P 1.5 S 2017,16846000,9
Ford,EcoSport,2017,5P 1.5 TDCI S,16907000,9
Ford,EcoSport,2017,5P 1.6 SE,17102000,9
Ford,EcoSport,2017,5P 1.5 TDCI SE,17434000,9
Ford,EcoSport,2017,5P 1.6 FREESTYLE,17543000,9
Ford,EcoSport,2017,5P 1.5 SE 2017,17715000,9
Ford,EcoSport,2017,5P 2.0 SE,17857000,9
Ford,EcoSport,2017,5P 1.5 SE AT 2017,18580000,9
Ford,EcoSport,2017,5P 1.6 TITANIUM,18796000,9
Ford,EcoSport,2017,5P 1.5 TDCI SE 2017,18945000,9
Ford,EcoSport,2017,5P 2.0 TITANIUM,19047000,9
Ford,EcoSport,2017,5P 1.5 FREESTYLE 2017,19123000,9
Ford,EcoSport,2017,5P 2.0 SE AT 2017,19489000,9
Ford,EcoSport,2017,5P 1.5 TITANIUM 2017,19598000,9
Ford,EcoSport,2017,5P 2.0 TITANIUM AT,20363000,9
Ford,EcoSport,2017,5P 2.0 FREESTYLE 4WD,20394000,9
Ford,EcoSport,2017,5P 1.5 TITANIUM AT 2017,20851000,9
Ford,EcoSport,2017,5P 2.0 TITANIUM AT 2017,21241000,9
Ford,EcoSport,2017,5P 2.0 FREESTYLE AT 4WD 2017,22225000,9
Ford,EcoSport,2018,5P 1.5 S 2017,17860000,8
Ford,EcoSport,2018,5P 1.5 SE 2017,18781000,8
Ford,EcoSport,2018,5P 1.5 SE AT 2017,19698000,8
Ford,EcoSport,2018,5P 1.5 TDCI SE 2017,20085000,8
Ford,EcoSport,2018,5P 1.5 FREESTYLE 2017,20274000,8
Ford,EcoSport,2018,5P 2.0 SE AT 2017,20661000,8
Ford,EcoSport,2018,5P 1.5 TITANIUM 2017,20777000,8
Ford,EcoSport,2018,5P 1.5 TITANIUM AT 2017,22105000,8
Ford,EcoSport,2018,5P 2.0 TITANIUM AT 2017,22519000,8
Ford,EcoSport,2018,5P 2.0 FREESTYLE AT 4WD 2017,23563000,8
Ford,EcoSport,2018,5P 2.0 STORM 6AT AWD,25103000,8
Ford,EcoSport,2019,5P 1.5 S 2017,18911000,7
Ford,EcoSport,2019,5P 1.5 SE 2017,19886000,7
Ford,EcoSport,2019,5P 1.5 SE AT 2017,20856000,7
Ford,EcoSport,2019,5P 1.5 TDCI SE 2017,21267000,7
Ford,EcoSport,2019,5P 1.5 FREESTYLE 2017,21467000,7
Ford,EcoSport,2019,5P 2.0 SE AT 2017,21877000,7
Ford,EcoSport,2019,5P 1.5 TITANIUM 2017,21999000,7
Ford,EcoSport,2019,5P 1.5 TITANIUM AT 2017,23406000,7
Ford,EcoSport,2019,5P 2.0 TITANIUM AT 2017,23844000,7
Ford,EcoSport,2019,5P 2.0 FREESTYLE AT 4WD 2017,24949000,7
Ford,EcoSport,2019,5P 2.0 STORM 6AT AWD,25425000,7
Ford,EcoSport,2020,5P 1.5 S 2017,20046000,6
Ford,EcoSport,2020,5P 1.5 SE 2017,21079000,6
Ford,EcoSport,2020,5P 1.5 SE AT 2017,22108000,6
Ford,EcoSport,2020,5P 1.5 TDCI SE 2017,22543000,6
Ford,EcoSport,2020,5P 1.5 FREESTYLE 2017,22755000,6
Ford,EcoSport,2020,5P 2.0 SE AT 2017,23189000,6
Ford,EcoSport,2020,5P 1.5 TITANIUM 2017,23319000,6
Ford,EcoSport,2020,5P 1.5 TITANIUM AT 2017,24810000,6
Ford,EcoSport,2020,5P 2.0 TITANIUM AT 2017,25274000,6
Ford,EcoSport,2020,5P 2.0 FREESTYLE AT 4WD 2017,26319000,6
Ford,EcoSport,2020,5P 2.0 STORM 6AT AWD,26319000,6
Ford,EcoSport,2021,5P 1.5 SE 2017,22133000,5
Ford,EcoSport,2021,5P 1.5 FREESTYLE 2017,23892000,5
Ford,EcoSport,2021,5P 1.5 TITANIUM 2017,24485000,5
Ford,EcoSport,2021,5P 1.5 TITANIUM AT 2017,26051000,5
Ford,EcoSport,2021,5P 2.0 TITANIUM AT 2017,26538000,5
Ford,EcoSport,2021,5P 2.0 STORM 6AT AWD,27635000,5
